image_name,crop_finger,crop_backhand,crop_fingerbackhand,crop_arm
image1661144206667.png,"(477, 1599, 255, 1516)","(774, 1258, 1335, 1686)","(477, 1599, 255, 1686)","(800, 1257, 1507, 2047)"
image1661144246917.png,"(485, 1508, 274, 1510)","(786, 1259, 1343, 1693)","(485, 1508, 274, 1693)","(779, 1233, 1516, 2047)"
image1661144310162.png,"(507, 1572, 239, 1387)","(773, 1213, 1233, 1541)","(507, 1572, 239, 1541)","(808, 1221, 1382, 2047)"
image1661144351691.png,"(526, 1546, 306, 1467)","(853, 1277, 1296, 1607)","(526, 1546, 306, 1607)","(870, 1257, 1436, 2047)"
image1661144825412.png,"(474, 1606, 311, 1522)","(802, 1250, 1333, 1680)","(474, 1606, 311, 1680)","(824, 1275, 1477, 2047)"
image1661144852117.png,"(470, 1570, 269, 1478)","(790, 1233, 1296, 1643)","(470, 1570, 269, 1643)","(767, 1215, 1440, 2047)"
image1661145075929.png,"(449, 1561, 287, 1507)","(763, 1191, 1341, 1665)","(449, 1561, 287, 1665)","(786, 1212, 1492, 2047)"
image1661145103549.png,"(458, 1634, 252, 1506)","(767, 1200, 1314, 1646)","(458, 1634, 252, 1646)","(755, 1169, 1461, 2047)"
image1661145193855.png,"(539, 1597, 265, 1518)","(785, 1221, 1356, 1667)","(539, 1597, 265, 1667)","(802, 1226, 1497, 2047)"
image1661145229731.png,"(456, 1519, 265, 1520)","(766, 1224, 1369, 1684)","(456, 1519, 265, 1684)","(765, 1175, 1507, 2047)"
image1661145286692.png,"(404, 1510, 231, 1466)","(809, 1234, 1251, 1585)","(404, 1510, 231, 1585)","(838, 1253, 1410, 2047)"
image1661145313061.png,"(460, 1603, 314, 1548)","(784, 1206, 1332, 1674)","(460, 1603, 314, 1674)","(792, 1183, 1489, 2047)"
image1661145407161.png,"(460, 1542, 334, 1463)","(774, 1209, 1292, 1621)","(460, 1542, 334, 1621)","(822, 1223, 1461, 2047)"
image1661145432967.png,"(488, 1597, 390, 1517)","(795, 1227, 1350, 1674)","(488, 1597, 390, 1674)","(788, 1182, 1506, 2047)"
image1661146664360.png,"(489, 1615, 283, 1533)","(744, 1190, 1376, 1726)","(489, 1615, 283, 1726)","(777, 1212, 1574, 2047)"
image1661146685158.png,"(509, 1534, 228, 1485)","(855, 1298, 1322, 1683)","(509, 1534, 228, 1683)","(844, 1269, 1514, 2047)"
image1661147072358.png,"(413, 1491, 340, 1547)","(740, 1193, 1369, 1690)","(413, 1491, 340, 1690)","(772, 1198, 1532, 2047)"
image1661147098202.png,"(528, 1596, 316, 1500)","(785, 1233, 1333, 1659)","(528, 1596, 316, 1659)","(773, 1206, 1489, 2047)"
image1661216747360.png,"(413, 1554, 297, 1560)","(703, 1200, 1365, 1748)","(413, 1554, 297, 1748)","(726, 1215, 1570, 2047)"
image1661216788592.png,"(445, 1633, 289, 1550)","(819, 1329, 1364, 1761)","(445, 1633, 289, 1761)","(818, 1297, 1576, 2047)"
image1661216876670.png,"(530, 1535, 334, 1492)","(771, 1190, 1319, 1650)","(530, 1535, 334, 1650)","(800, 1210, 1480, 2047)"
image1661216907060.png,"(489, 1502, 355, 1517)","(817, 1245, 1335, 1679)","(489, 1502, 355, 1679)","(782, 1200, 1529, 2047)"
image1661217116456.png,"(548, 1518, 328, 1520)","(791, 1246, 1342, 1676)","(548, 1518, 328, 1676)","(849, 1287, 1512, 2047)"
image1661217144265.png,"(501, 1557, 288, 1488)","(783, 1238, 1285, 1632)","(501, 1557, 288, 1632)","(752, 1191, 1459, 2047)"
image1661217260585.png,"(467, 1528, 185, 1441)","(748, 1184, 1263, 1605)","(467, 1528, 185, 1605)","(769, 1198, 1439, 2047)"
image1661217290462.png,"(487, 1590, 248, 1500)","(808, 1248, 1322, 1652)","(487, 1590, 248, 1652)","(797, 1216, 1479, 2047)"
image1661218865003.png,"(352, 1521, 385, 1512)","(781, 1204, 1324, 1650)","(352, 1521, 385, 1650)","(795, 1204, 1476, 2047)"
image1661218881444.png,"(517, 1619, 370, 1503)","(795, 1226, 1309, 1641)","(517, 1619, 370, 1641)","(782, 1205, 1472, 2047)"
image1661219523078.png,"(363, 1618, 273, 1574)","(781, 1215, 1399, 1731)","(363, 1618, 273, 1731)","(775, 1240, 1529, 2047)"
image1661219796151.png,"(414, 1651, 230, 1499)","(861, 1296, 1317, 1669)","(414, 1651, 230, 1669)","(831, 1278, 1487, 2047)"
image1661221248296.png,"(486, 1533, 284, 1489)","(766, 1216, 1325, 1679)","(486, 1533, 284, 1679)","(789, 1228, 1486, 2047)"
image1661221262696.png,"(477, 1585, 273, 1497)","(799, 1243, 1324, 1681)","(477, 1585, 273, 1681)","(775, 1218, 1494, 2047)"
image1661303800530.png,"(438, 1478, 306, 1426)","(716, 1168, 1255, 1581)","(438, 1478, 306, 1581)","(775, 1248, 1423, 2047)"
image1661303818126.png,"(549, 1589, 264, 1383)","(820, 1273, 1196, 1531)","(549, 1589, 264, 1531)","(795, 1210, 1347, 2047)"
image1661303869369.png,"(493, 1533, 371, 1473)","(795, 1207, 1289, 1619)","(493, 1533, 371, 1619)","(804, 1219, 1442, 2047)"
image1661303896767.png,"(530, 1554, 378, 1468)","(759, 1186, 1286, 1616)","(530, 1554, 378, 1616)","(732, 1154, 1444, 2047)"
image1661304293036.png,"(406, 1511, 364, 1560)","(759, 1196, 1380, 1725)","(406, 1511, 364, 1725)","(792, 1218, 1556, 2047)"
image1661304319731.png,"(571, 1583, 325, 1523)","(768, 1210, 1341, 1693)","(571, 1583, 325, 1693)","(739, 1166, 1512, 2047)"
image1661304399229.png,"(458, 1480, 337, 1543)","(762, 1197, 1352, 1675)","(458, 1480, 337, 1675)","(796, 1209, 1509, 2047)"
image1661304415730.png,"(484, 1615, 321, 1515)","(832, 1267, 1330, 1653)","(484, 1615, 321, 1653)","(829, 1228, 1483, 2047)"
image1661305088598.png,"(328, 1555, 245, 1519)","(780, 1250, 1300, 1679)","(328, 1555, 245, 1679)","(801, 1266, 1495, 2047)"
image1661305115919.png,"(471, 1685, 192, 1473)","(784, 1261, 1252, 1635)","(471, 1685, 192, 1635)","(757, 1228, 1452, 2047)"
image1661306029301.png,"(421, 1526, 305, 1517)","(776, 1232, 1333, 1690)","(421, 1526, 305, 1690)","(792, 1215, 1494, 2047)"
image1661306046305.png,"(466, 1572, 226, 1446)","(786, 1236, 1261, 1618)","(466, 1572, 226, 1618)","(787, 1217, 1416, 2047)"
image1661306136685.png,"(364, 1659, 161, 1461)","(737, 1209, 1291, 1630)","(364, 1659, 161, 1630)","(758, 1203, 1449, 2047)"
image1661306162532.png,"(377, 1623, 188, 1484)","(734, 1208, 1308, 1657)","(377, 1623, 188, 1657)","(725, 1175, 1470, 2047)"
image1661317062396.png,"(499, 1584, 375, 1499)","(789, 1220, 1311, 1619)","(499, 1584, 375, 1619)","(825, 1226, 1458, 2047)"
image1661317091360.png,"(487, 1561, 401, 1545)","(810, 1243, 1330, 1656)","(487, 1561, 401, 1656)","(807, 1197, 1492, 2047)"
image1661317391266.png,"(396, 1487, 188, 1488)","(757, 1207, 1281, 1649)","(396, 1487, 188, 1649)","(782, 1222, 1481, 2047)"
image1661317417826.png,"(500, 1618, 198, 1500)","(823, 1291, 1321, 1679)","(500, 1618, 198, 1679)","(803, 1247, 1501, 2047)"
image1661317667402.png,"(471, 1514, 293, 1474)","(821, 1233, 1271, 1587)","(471, 1514, 293, 1587)","(844, 1244, 1419, 2047)"
image1661317693696.png,"(487, 1584, 230, 1421)","(777, 1202, 1236, 1542)","(487, 1584, 230, 1542)","(756, 1164, 1374, 2047)"
image1661317748865.png,"(421, 1518, 318, 1442)","(792, 1204, 1257, 1583)","(421, 1518, 318, 1583)","(816, 1215, 1417, 2047)"
image1661317775801.png,"(527, 1613, 337, 1463)","(834, 1247, 1278, 1608)","(527, 1613, 337, 1608)","(821, 1217, 1440, 2047)"
image1661318561230.png,"(281, 1521, 126, 1479)","(683, 1159, 1263, 1632)","(281, 1521, 126, 1632)","(693, 1176, 1447, 2047)"
image1661318590468.png,"(455, 1779, 196, 1557)","(846, 1323, 1321, 1703)","(455, 1779, 196, 1703)","(813, 1299, 1527, 2047)"
image1661318779413.png,"(327, 1564, 302, 1548)","(718, 1187, 1346, 1689)","(327, 1564, 302, 1689)","(746, 1201, 1517, 2047)"
image1661318805314.png,"(408, 1668, 280, 1527)","(758, 1241, 1310, 1662)","(408, 1668, 280, 1662)","(738, 1198, 1478, 2047)"
image1661318857820.png,"(413, 1528, 232, 1468)","(748, 1174, 1284, 1625)","(413, 1528, 232, 1625)","(740, 1156, 1425, 2047)"
image1661318884439.png,"(505, 1524, 257, 1476)","(767, 1205, 1300, 1643)","(505, 1524, 257, 1643)","(761, 1176, 1444, 2047)"
image1661318938038.png,"(420, 1559, 166, 1525)","(709, 1176, 1348, 1710)","(420, 1559, 166, 1710)","(739, 1224, 1527, 2047)"
image1661318964936.png,"(502, 1644, 165, 1529)","(769, 1244, 1337, 1710)","(502, 1644, 165, 1710)","(728, 1205, 1514, 2047)"
image1661389664418.png,"(430, 1514, 290, 1406)","(743, 1190, 1226, 1566)","(430, 1514, 290, 1566)","(766, 1190, 1394, 2047)"
image1661389690781.png,"(535, 1605, 311, 1433)","(787, 1232, 1248, 1594)","(535, 1605, 311, 1594)","(784, 1201, 1415, 2047)"
image1661390117495.png,"(422, 1598, 281, 1515)","(805, 1247, 1331, 1639)","(422, 1598, 281, 1639)","(835, 1259, 1475, 2047)"
image1661390147363.png,"(416, 1645, 197, 1447)","(771, 1209, 1250, 1556)","(416, 1645, 197, 1556)","(775, 1181, 1385, 2047)"
image1661390969994.png,"(461, 1447, 266, 1440)","(733, 1218, 1288, 1636)","(461, 1447, 266, 1636)","(769, 1229, 1454, 2047)"
image1661390999869.png,"(573, 1509, 274, 1449)","(790, 1265, 1294, 1638)","(573, 1509, 274, 1638)","(782, 1221, 1447, 2047)"
image1661391074265.png,"(512, 1502, 243, 1442)","(774, 1209, 1273, 1590)","(512, 1502, 243, 1590)","(801, 1192, 1414, 2047)"
image1661391105683.png,"(523, 1504, 250, 1438)","(836, 1276, 1250, 1598)","(523, 1504, 250, 1598)","(838, 1246, 1420, 2047)"
image1661391560138.png,"(554, 1470, 205, 1385)","(775, 1212, 1223, 1537)","(554, 1470, 205, 1537)","(806, 1212, 1368, 2047)"
image1661391587575.png,"(520, 1511, 275, 1453)","(791, 1213, 1284, 1606)","(520, 1511, 275, 1606)","(801, 1197, 1425, 2047)"
image1661391665806.png,"(344, 1556, 159, 1455)","(790, 1285, 1251, 1611)","(344, 1556, 159, 1611)","(825, 1292, 1428, 2047)"
image1661391716556.png,"(446, 1721, 214, 1520)","(816, 1313, 1319, 1685)","(446, 1721, 214, 1685)","(820, 1281, 1484, 2047)"
image1661392064531.png,"(351, 1567, 167, 1513)","(750, 1261, 1322, 1704)","(351, 1567, 167, 1704)","(780, 1262, 1512, 2047)"
image1661392103627.png,"(449, 1675, 184, 1520)","(769, 1280, 1332, 1721)","(449, 1675, 184, 1721)","(754, 1241, 1528, 2047)"
image1661393265464.png,"(345, 1526, 144, 1508)","(744, 1243, 1298, 1652)","(345, 1526, 144, 1652)","(769, 1232, 1473, 2047)"
image1661393300595.png,"(476, 1579, 264, 1618)","(792, 1300, 1412, 1768)","(476, 1579, 264, 1768)","(769, 1245, 1601, 2047)"
image1661393384829.png,"(362, 1616, 75, 1454)","(690, 1199, 1249, 1660)","(362, 1616, 75, 1660)","(723, 1206, 1476, 2047)"
image1661393400879.png,"(393, 1631, 143, 1533)","(739, 1265, 1320, 1734)","(393, 1631, 143, 1734)","(730, 1212, 1544, 2047)"
image1661393640253.png,"(424, 1464, 190, 1416)","(719, 1194, 1223, 1568)","(424, 1464, 190, 1568)","(753, 1196, 1386, 2047)"
image1661393667533.png,"(481, 1599, 257, 1488)","(797, 1278, 1294, 1641)","(481, 1599, 257, 1641)","(774, 1214, 1469, 2047)"
image1661393720347.png,"(379, 1492, 247, 1457)","(706, 1187, 1255, 1619)","(379, 1492, 247, 1619)","(758, 1219, 1443, 2047)"
image1661393737086.png,"(452, 1697, 218, 1421)","(813, 1297, 1216, 1587)","(452, 1697, 218, 1587)","(796, 1248, 1401, 2047)"
image1661734980185.png,"(471, 1550, 196, 1427)","(774, 1239, 1255, 1611)","(471, 1550, 196, 1611)","(796, 1243, 1410, 2047)"
image1661735006875.png,"(472, 1622, 182, 1404)","(757, 1229, 1229, 1590)","(472, 1622, 182, 1590)","(735, 1202, 1391, 2047)"
image1661735070323.png,"(412, 1518, 167, 1444)","(782, 1266, 1234, 1579)","(412, 1518, 167, 1579)","(812, 1277, 1388, 2047)"
image1661735096834.png,"(486, 1602, 219, 1509)","(742, 1227, 1288, 1640)","(486, 1602, 219, 1640)","(732, 1183, 1444, 2047)"
image1661735210854.png,"(366, 1627, 80, 1351)","(696, 1173, 1170, 1515)","(366, 1627, 80, 1515)","(717, 1186, 1333, 2047)"
image1661735236610.png,"(534, 1662, 217, 1491)","(836, 1317, 1317, 1675)","(534, 1662, 217, 1675)","(830, 1285, 1491, 2047)"
image1661735313035.png,"(533, 1494, 241, 1472)","(773, 1190, 1308, 1621)","(533, 1494, 241, 1621)","(792, 1199, 1445, 2047)"
image1661735339609.png,"(557, 1587, 246, 1483)","(789, 1214, 1306, 1619)","(557, 1587, 246, 1619)","(784, 1187, 1442, 2047)"
image1661735948504.png,"(479, 1520, 222, 1481)","(768, 1228, 1276, 1646)","(479, 1520, 222, 1646)","(785, 1231, 1461, 2047)"
image1661735964312.png,"(502, 1536, 184, 1437)","(766, 1227, 1258, 1609)","(502, 1536, 184, 1609)","(765, 1202, 1420, 2047)"
image1661736107465.png,"(431, 1509, 181, 1418)","(798, 1253, 1214, 1556)","(431, 1509, 181, 1556)","(825, 1242, 1366, 2047)"
image1661736133844.png,"(524, 1645, 209, 1412)","(763, 1240, 1226, 1575)","(524, 1645, 209, 1575)","(756, 1183, 1392, 2047)"
image1661736289639.png,"(425, 1579, 174, 1411)","(767, 1232, 1225, 1580)","(425, 1579, 174, 1580)","(796, 1240, 1399, 2047)"
image1661736317458.png,"(459, 1628, 247, 1509)","(753, 1219, 1311, 1663)","(459, 1628, 247, 1663)","(720, 1170, 1479, 2047)"
image1661736368856.png,"(471, 1478, 209, 1432)","(799, 1217, 1245, 1570)","(471, 1478, 209, 1570)","(817, 1214, 1396, 2047)"
image1661736410568.png,"(550, 1688, 248, 1480)","(810, 1237, 1284, 1613)","(550, 1688, 248, 1613)","(797, 1206, 1442, 2047)"
image1661736699353.png,"(469, 1566, 149, 1437)","(782, 1269, 1248, 1601)","(469, 1566, 149, 1601)","(805, 1266, 1415, 2047)"
image1661736717602.png,"(514, 1687, 193, 1491)","(775, 1271, 1294, 1650)","(514, 1687, 193, 1650)","(755, 1226, 1471, 2047)"
image1661736951130.png,"(401, 1579, 182, 1531)","(823, 1288, 1267, 1664)","(401, 1579, 182, 1664)","(831, 1267, 1467, 2047)"
image1661736967350.png,"(447, 1694, 109, 1404)","(741, 1219, 1212, 1585)","(447, 1694, 109, 1585)","(772, 1202, 1376, 2047)"
image1661737191600.png,"(370, 1518, 103, 1474)","(754, 1228, 1280, 1634)","(370, 1518, 103, 1634)","(760, 1235, 1445, 2047)"
image1661737218472.png,"(490, 1670, 149, 1514)","(786, 1271, 1316, 1668)","(490, 1670, 149, 1668)","(760, 1236, 1489, 2047)"
image1661737284144.png,"(531, 1482, 348, 1469)","(798, 1199, 1294, 1614)","(531, 1482, 348, 1614)","(808, 1221, 1443, 2047)"
image1661737310510.png,"(506, 1470, 335, 1427)","(812, 1211, 1244, 1589)","(506, 1470, 335, 1589)","(785, 1182, 1412, 2047)"
image1661737362347.png,"(388, 1542, 194, 1552)","(784, 1267, 1343, 1698)","(388, 1542, 194, 1698)","(813, 1268, 1461, 2047)"
image1661737404974.png,"(451, 1670, 174, 1497)","(826, 1308, 1306, 1677)","(451, 1670, 174, 1677)","(821, 1272, 1471, 2047)"
image1661737445703.png,"(485, 1454, 300, 1409)","(774, 1184, 1246, 1573)","(485, 1454, 300, 1573)","(791, 1183, 1394, 2047)"
image1661737462468.png,"(532, 1527, 383, 1472)","(786, 1200, 1309, 1643)","(532, 1527, 383, 1643)","(782, 1173, 1461, 2047)"
image1661737667056.png,"(539, 1536, 254, 1434)","(746, 1208, 1267, 1621)","(539, 1536, 254, 1621)","(766, 1209, 1438, 2047)"
image1661737706000.png,"(519, 1506, 264, 1447)","(826, 1289, 1277, 1618)","(519, 1506, 264, 1618)","(808, 1257, 1452, 2047)"
image1661737756687.png,"(512, 1547, 278, 1471)","(813, 1228, 1300, 1634)","(512, 1547, 278, 1634)","(837, 1231, 1451, 2047)"
image1661737788266.png,"(528, 1467, 285, 1443)","(830, 1243, 1292, 1630)","(528, 1467, 285, 1630)","(813, 1220, 1436, 2047)"
image1661737831600.png,"(387, 1501, 195, 1423)","(760, 1208, 1240, 1592)","(387, 1501, 195, 1592)","(789, 1213, 1417, 2047)"
image1661737858331.png,"(497, 1574, 228, 1470)","(784, 1242, 1283, 1654)","(497, 1574, 228, 1654)","(761, 1201, 1468, 2047)"
image1661738545281.png,"(356, 1541, 150, 1543)","(779, 1263, 1333, 1718)","(356, 1541, 150, 1718)","(801, 1256, 1521, 2047)"
image1661738561744.png,"(432, 1708, 163, 1563)","(740, 1225, 1343, 1728)","(432, 1708, 163, 1728)","(732, 1194, 1536, 2047)"
image1661821466164.png,"(414, 1517, 257, 1482)","(804, 1232, 1285, 1606)","(414, 1517, 257, 1606)","(809, 1248, 1420, 2047)"
image1661821482292.png,"(520, 1645, 261, 1491)","(774, 1207, 1274, 1610)","(520, 1645, 261, 1610)","(725, 1179, 1439, 2047)"
image1661821684506.png,"(449, 1528, 186, 1391)","(832, 1265, 1183, 1517)","(449, 1528, 186, 1517)","(864, 1279, 1339, 2047)"
image1661821711879.png,"(472, 1676, 247, 1454)","(812, 1242, 1250, 1588)","(472, 1676, 247, 1588)","(781, 1200, 1414, 2047)"
image1661821775105.png,"(351, 1535, 227, 1481)","(774, 1239, 1275, 1655)","(351, 1535, 227, 1655)","(777, 1271, 1454, 2047)"
image1661821802814.png,"(529, 1622, 214, 1453)","(774, 1255, 1264, 1641)","(529, 1622, 214, 1641)","(740, 1228, 1442, 2047)"
image1661821925422.png,"(378, 1539, 191, 1479)","(770, 1232, 1268, 1595)","(378, 1539, 191, 1595)","(777, 1231, 1406, 2047)"
image1661821945630.png,"(468, 1756, 134, 1434)","(757, 1219, 1201, 1542)","(468, 1756, 134, 1542)","(746, 1194, 1358, 2047)"
image1661821994264.png,"(350, 1554, 252, 1536)","(771, 1227, 1308, 1669)","(350, 1554, 252, 1669)","(782, 1222, 1495, 2047)"
image1661822012289.png,"(490, 1730, 220, 1470)","(824, 1291, 1273, 1631)","(490, 1730, 220, 1631)","(822, 1267, 1448, 2047)"
image1661822075331.png,"(517, 1552, 271, 1420)","(773, 1211, 1272, 1623)","(517, 1552, 271, 1623)","(782, 1212, 1426, 2047)"
image1661822091755.png,"(516, 1486, 285, 1448)","(797, 1245, 1300, 1649)","(516, 1486, 285, 1649)","(788, 1217, 1460, 2047)"
image1661822623891.png,"(273, 1536, 28, 1400)","(754, 1252, 1166, 1545)","(273, 1536, 28, 1545)","(768, 1248, 1354, 2047)"
image1661822638602.png,"(445, 1783, 85, 1429)","(750, 1264, 1202, 1601)","(445, 1783, 85, 1601)","(725, 1222, 1406, 2047)"
image1661823124435.png,"(308, 1567, 132, 1419)","(727, 1226, 1226, 1608)","(308, 1567, 132, 1608)","(763, 1229, 1412, 2047)"
image1661823153715.png,"(442, 1798, 189, 1499)","(794, 1301, 1295, 1679)","(442, 1798, 189, 1679)","(792, 1260, 1483, 2047)"
image1661823372660.png,"(488, 1542, 259, 1472)","(757, 1212, 1304, 1650)","(488, 1542, 259, 1650)","(773, 1208, 1458, 2047)"
image1661823399448.png,"(458, 1534, 264, 1498)","(785, 1256, 1329, 1672)","(458, 1534, 264, 1672)","(772, 1216, 1489, 2047)"
image1661823451031.png,"(396, 1545, 183, 1464)","(755, 1200, 1275, 1612)","(396, 1545, 183, 1612)","(766, 1226, 1416, 2047)"
image1661823478846.png,"(527, 1668, 180, 1470)","(776, 1218, 1268, 1610)","(527, 1668, 180, 1610)","(766, 1209, 1404, 2047)"
image1661823719144.png,"(474, 1542, 276, 1489)","(774, 1212, 1312, 1638)","(474, 1542, 276, 1638)","(815, 1278, 1469, 2047)"
image1661823735980.png,"(528, 1601, 283, 1488)","(818, 1251, 1312, 1648)","(528, 1601, 283, 1648)","(778, 1209, 1467, 2047)"
image1661823784327.png,"(451, 1519, 277, 1478)","(793, 1238, 1312, 1654)","(451, 1519, 277, 1654)","(826, 1236, 1479, 2047)"
image1661823804874.png,"(543, 1588, 226, 1422)","(762, 1210, 1246, 1588)","(543, 1588, 226, 1588)","(760, 1171, 1410, 2047)"
image1661823869105.png,"(486, 1577, 229, 1487)","(770, 1212, 1295, 1616)","(486, 1577, 229, 1616)","(789, 1223, 1447, 2047)"
image1661823886365.png,"(418, 1558, 242, 1474)","(778, 1218, 1292, 1623)","(418, 1558, 242, 1623)","(773, 1186, 1441, 2047)"
image1661823951053.png,"(510, 1526, 209, 1470)","(779, 1255, 1284, 1634)","(510, 1526, 209, 1634)","(823, 1278, 1466, 2047)"
image1661823978298.png,"(513, 1593, 219, 1469)","(819, 1287, 1281, 1660)","(513, 1593, 219, 1660)","(781, 1252, 1491, 2047)"
image1661824839597.png,"(399, 1552, 183, 1426)","(802, 1260, 1212, 1553)","(399, 1552, 183, 1553)","(826, 1257, 1379, 2047)"
image1661824857100.png,"(454, 1669, 193, 1416)","(792, 1249, 1209, 1550)","(454, 1669, 193, 1550)","(781, 1215, 1382, 2047)"
image1661824948243.png,"(282, 1553, 95, 1423)","(704, 1189, 1212, 1574)","(282, 1553, 95, 1574)","(729, 1187, 1393, 2047)"
image1661824974619.png,"(473, 1792, 110, 1428)","(815, 1308, 1235, 1594)","(473, 1792, 110, 1594)","(804, 1262, 1410, 2047)"
image1661825019084.png,"(504, 1555, 155, 1410)","(765, 1218, 1236, 1565)","(504, 1555, 155, 1565)","(790, 1214, 1382, 2047)"
image1661825034811.png,"(492, 1568, 232, 1500)","(792, 1238, 1318, 1641)","(492, 1568, 232, 1641)","(772, 1209, 1456, 2047)"
image1661907643003.png,"(416, 1488, 177, 1462)","(769, 1247, 1307, 1654)","(416, 1488, 177, 1654)","(790, 1235, 1482, 2047)"
image1661907663786.png,"(531, 1545, 160, 1438)","(745, 1220, 1266, 1623)","(531, 1545, 160, 1623)","(750, 1191, 1435, 2047)"
image1661907717648.png,"(322, 1534, 131, 1469)","(736, 1230, 1247, 1631)","(322, 1534, 131, 1631)","(768, 1264, 1447, 2047)"
image1661907733328.png,"(427, 1712, 196, 1523)","(758, 1252, 1292, 1701)","(427, 1712, 196, 1701)","(732, 1217, 1507, 2047)"
image1661907834003.png,"(376, 1488, 201, 1350)","(765, 1193, 1178, 1481)","(376, 1488, 201, 1481)","(791, 1197, 1310, 2047)"
image1661907848327.png,"(544, 1608, 160, 1306)","(785, 1201, 1127, 1437)","(544, 1608, 160, 1437)","(777, 1174, 1247, 2047)"
image1661907993946.png,"(422, 1523, 194, 1442)","(755, 1263, 1262, 1642)","(422, 1523, 194, 1642)","(799, 1282, 1451, 2047)"
image1661908013121.png,"(443, 1603, 228, 1458)","(742, 1240, 1287, 1674)","(443, 1603, 228, 1674)","(718, 1193, 1479, 2047)"
image1661908066059.png,"(436, 1554, 135, 1520)","(795, 1255, 1313, 1674)","(436, 1554, 135, 1674)","(796, 1249, 1481, 2047)"
image1661908082014.png,"(471, 1616, 183, 1552)","(793, 1263, 1354, 1714)","(471, 1616, 183, 1714)","(789, 1248, 1523, 2047)"
image1661908159643.png,"(408, 1557, 165, 1432)","(760, 1212, 1257, 1591)","(408, 1557, 165, 1591)","(780, 1202, 1397, 2047)"
image1661908185790.png,"(503, 1611, 230, 1503)","(748, 1199, 1315, 1654)","(503, 1611, 230, 1654)","(743, 1168, 1464, 2047)"
image1661908251222.png,"(336, 1542, 160, 1469)","(773, 1263, 1238, 1602)","(336, 1542, 160, 1602)","(805, 1259, 1422, 2047)"
image1661908266164.png,"(488, 1750, 158, 1470)","(733, 1241, 1254, 1620)","(488, 1750, 158, 1620)","(714, 1194, 1436, 2047)"
image1661908331939.png,"(480, 1507, 238, 1496)","(774, 1217, 1325, 1656)","(480, 1507, 238, 1656)","(804, 1223, 1477, 2047)"
image1661908355715.png,"(507, 1589, 204, 1473)","(791, 1231, 1296, 1632)","(507, 1589, 204, 1632)","(791, 1205, 1448, 2047)"
image1661908653923.png,"(438, 1559, 209, 1427)","(767, 1233, 1212, 1574)","(438, 1559, 209, 1574)","(778, 1243, 1385, 2047)"
image1661908672926.png,"(440, 1650, 242, 1457)","(763, 1232, 1245, 1606)","(440, 1650, 242, 1606)","(754, 1212, 1415, 2047)"
image1661908761598.png,"(439, 1595, 259, 1532)","(791, 1226, 1351, 1672)","(439, 1595, 259, 1672)","(807, 1229, 1507, 2047)"
image1661908778667.png,"(491, 1610, 182, 1473)","(777, 1208, 1276, 1606)","(491, 1610, 182, 1606)","(786, 1194, 1430, 2047)"
image1661908857057.png,"(449, 1503, 245, 1438)","(823, 1242, 1246, 1580)","(449, 1503, 245, 1580)","(842, 1269, 1390, 2047)"
image1661908886446.png,"(537, 1636, 311, 1504)","(808, 1215, 1300, 1641)","(537, 1636, 311, 1641)","(778, 1201, 1448, 2047)"
image1661908973880.png,"(284, 1620, 85, 1480)","(734, 1248, 1259, 1640)","(284, 1620, 85, 1640)","(797, 1281, 1469, 2047)"
image1661909071872.png,"(470, 1766, 136, 1506)","(831, 1343, 1309, 1695)","(470, 1766, 136, 1695)","(795, 1289, 1504, 2047)"
image1661910199152.png,"(429, 1482, 185, 1452)","(752, 1217, 1237, 1619)","(429, 1482, 185, 1619)","(770, 1219, 1433, 2047)"
image1661910238659.png,"(487, 1577, 192, 1459)","(782, 1254, 1242, 1634)","(487, 1577, 192, 1634)","(791, 1235, 1436, 2047)"
image1661910959304.png,"(446, 1447, 297, 1459)","(782, 1192, 1279, 1597)","(446, 1447, 297, 1597)","(797, 1202, 1430, 2047)"
image1661910986113.png,"(547, 1501, 306, 1452)","(833, 1246, 1275, 1619)","(547, 1501, 306, 1619)","(825, 1225, 1442, 2047)"
image1661911030089.png,"(415, 1492, 186, 1483)","(762, 1219, 1311, 1670)","(415, 1492, 186, 1670)","(768, 1211, 1465, 2047)"
image1661911048126.png,"(579, 1575, 222, 1497)","(782, 1245, 1334, 1695)","(579, 1575, 222, 1695)","(776, 1219, 1495, 2047)"
image1661911113575.png,"(477, 1517, 250, 1487)","(802, 1272, 1286, 1643)","(477, 1517, 250, 1643)","(843, 1284, 1466, 2047)"
image1661911139753.png,"(514, 1547, 214, 1425)","(791, 1249, 1252, 1609)","(514, 1547, 214, 1609)","(773, 1218, 1423, 2047)"
image1662339673237.png,"(429, 1509, 332, 1634)","(747, 1239, 1451, 1813)","(429, 1509, 332, 1813)","(768, 1235, 1624, 2047)"
image1662339722889.png,"(446, 1609, 173, 1470)","(784, 1270, 1275, 1644)","(446, 1609, 173, 1644)","(790, 1256, 1449, 2047)"
image1662339776115.png,"(444, 1542, 253, 1480)","(838, 1315, 1270, 1626)","(444, 1542, 253, 1626)","(868, 1314, 1440, 2047)"
image1662339793561.png,"(487, 1654, 291, 1524)","(729, 1198, 1308, 1674)","(487, 1654, 291, 1674)","(708, 1166, 1487, 2047)"
image1662339832272.png,"(425, 1496, 239, 1437)","(743, 1191, 1251, 1584)","(425, 1496, 239, 1584)","(776, 1202, 1409, 2047)"
image1662339858518.png,"(476, 1632, 299, 1504)","(814, 1261, 1312, 1653)","(476, 1632, 299, 1653)","(807, 1234, 1461, 2047)"
image1662339910471.png,"(406, 1557, 202, 1424)","(765, 1225, 1213, 1571)","(406, 1557, 202, 1571)","(794, 1247, 1383, 2047)"
image1662339926546.png,"(501, 1690, 220, 1459)","(814, 1272, 1236, 1593)","(501, 1690, 220, 1593)","(793, 1248, 1395, 2047)"
image1662340270441.png,"(491, 1490, 290, 1480)","(799, 1225, 1310, 1631)","(491, 1490, 290, 1631)","(826, 1233, 1461, 2047)"
image1662340289452.png,"(532, 1534, 248, 1427)","(803, 1224, 1261, 1592)","(532, 1534, 248, 1592)","(793, 1197, 1412, 2047)"
image1662340433669.png,"(355, 1556, 229, 1457)","(730, 1185, 1291, 1619)","(355, 1556, 229, 1619)","(763, 1216, 1440, 2047)"
image1662340460163.png,"(506, 1636, 173, 1398)","(826, 1281, 1222, 1566)","(506, 1636, 173, 1566)","(787, 1233, 1384, 2047)"
image1664154662622.png,"(641, 1942, 247, 1397)","(665, 1093, 1051, 1501)","(641, 1942, 247, 1501)","(625, 1110, 1312, 2047)"
image1664154681702.png,"(18, 1338, 228, 1357)","(862, 1296, 1016, 1462)","(18, 1338, 228, 1462)","(843, 1322, 1280, 2047)"
image1664154734422.png,"(621, 1910, 301, 1455)","(739, 1162, 1136, 1571)","(621, 1910, 301, 1571)","(707, 1171, 1397, 2047)"
image1664154750085.png,"(58, 1421, 176, 1353)","(834, 1265, 1033, 1464)","(58, 1421, 176, 1464)","(824, 1291, 1294, 2047)"
image1664154988975.png,"(675, 1890, 250, 1330)","(778, 1162, 1048, 1431)","(675, 1890, 250, 1431)","(754, 1199, 1261, 2047)"
image1664155004523.png,"(38, 1337, 391, 1376)","(875, 1256, 1072, 1456)","(38, 1337, 391, 1456)","(830, 1278, 1286, 2047)"
image1664155043861.png,"(634, 1921, 187, 1404)","(723, 1167, 1108, 1530)","(634, 1921, 187, 1530)","(724, 1171, 1361, 2047)"
image1664155070330.png,"(140, 1431, 141, 1386)","(858, 1302, 1074, 1510)","(140, 1431, 141, 1510)","(869, 1310, 1335, 2047)"
image1664155311840.png,"(725, 1971, 278, 1403)","(780, 1203, 1093, 1503)","(725, 1971, 278, 1503)","(767, 1209, 1314, 2047)"
image1664155340191.png,"(83, 1327, 241, 1394)","(805, 1231, 1110, 1509)","(83, 1327, 241, 1509)","(777, 1226, 1336, 2047)"
image1664155779711.png,"(727, 1922, 344, 1375)","(746, 1173, 1055, 1480)","(727, 1922, 344, 1480)","(730, 1163, 1303, 2047)"
image1664155796443.png,"(165, 1400, 375, 1464)","(891, 1322, 1166, 1586)","(165, 1400, 375, 1586)","(884, 1333, 1407, 2047)"
image1664155835486.png,"(721, 1870, 203, 1333)","(757, 1148, 1049, 1453)","(721, 1870, 203, 1453)","(721, 1123, 1262, 2047)"
image1664155861738.png,"(62, 1277, 336, 1439)","(802, 1192, 1137, 1546)","(62, 1277, 336, 1546)","(802, 1214, 1362, 2047)"
image1664155901562.png,"(716, 1910, 346, 1453)","(785, 1197, 1192, 1603)","(716, 1910, 346, 1603)","(763, 1210, 1422, 2047)"
image1664155916129.png,"(122, 1314, 253, 1387)","(843, 1259, 1108, 1523)","(122, 1314, 253, 1523)","(822, 1272, 1343, 2047)"
image1664155969209.png,"(664, 1910, 144, 1338)","(737, 1170, 1052, 1462)","(664, 1910, 144, 1462)","(723, 1164, 1276, 2047)"
image1664155987422.png,"(146, 1343, 224, 1422)","(869, 1289, 1146, 1556)","(146, 1343, 224, 1556)","(869, 1308, 1359, 2047)"
image1664156791534.png,"(692, 1909, 285, 1338)","(735, 1155, 1048, 1450)","(692, 1909, 285, 1450)","(746, 1183, 1290, 2047)"
image1664156819527.png,"(122, 1314, 292, 1364)","(857, 1272, 1081, 1478)","(122, 1314, 292, 1478)","(848, 1266, 1306, 2047)"
image1664156885740.png,"(715, 1899, 269, 1362)","(783, 1204, 1083, 1483)","(715, 1899, 269, 1483)","(763, 1199, 1296, 2047)"
image1664156902082.png,"(224, 1398, 324, 1450)","(911, 1337, 1183, 1578)","(224, 1398, 324, 1578)","(910, 1338, 1394, 2047)"
image1664156956152.png,"(711, 1894, 127, 1258)","(749, 1163, 982, 1382)","(711, 1894, 127, 1382)","(734, 1155, 1204, 2047)"
image1664156981600.png,"(129, 1325, 191, 1314)","(844, 1263, 1053, 1445)","(129, 1325, 191, 1445)","(841, 1280, 1267, 2047)"
image1664157014295.png,"(736, 1937, 304, 1322)","(767, 1163, 1022, 1421)","(736, 1937, 304, 1421)","(758, 1167, 1251, 2047)"
image1664157036946.png,"(105, 1320, 363, 1411)","(861, 1260, 1109, 1513)","(105, 1320, 363, 1513)","(854, 1262, 1340, 2047)"
image1664157160259.png,"(695, 1965, 214, 1376)","(738, 1158, 1059, 1480)","(695, 1965, 214, 1480)","(697, 1153, 1294, 2047)"
image1664157181373.png,"(99, 1391, 203, 1374)","(903, 1324, 1058, 1476)","(99, 1391, 203, 1476)","(897, 1352, 1283, 2047)"
image1664157243138.png,"(656, 1951, 303, 1440)","(714, 1158, 1123, 1569)","(656, 1951, 303, 1569)","(707, 1158, 1360, 2047)"
image1664157262497.png,"(0, 1362, 295, 1380)","(846, 1278, 1050, 1499)","(0, 1362, 295, 1499)","(860, 1289, 1290, 2047)"
image1664157316352.png,"(695, 1872, 495, 1451)","(721, 1120, 1135, 1537)","(695, 1872, 495, 1537)","(690, 1098, 1344, 2047)"
image1664157343885.png,"(129, 1275, 407, 1473)","(848, 1253, 1154, 1558)","(129, 1275, 407, 1558)","(872, 1270, 1360, 2047)"
image1664157383539.png,"(702, 1878, 371, 1377)","(727, 1122, 1085, 1472)","(702, 1878, 371, 1472)","(712, 1132, 1298, 2047)"
image1664157399991.png,"(129, 1323, 308, 1329)","(877, 1272, 1040, 1428)","(129, 1323, 308, 1428)","(846, 1275, 1255, 2047)"
image1664240530775.png,"(610, 1828, 346, 1451)","(671, 1079, 1121, 1556)","(610, 1828, 346, 1556)","(639, 1075, 1351, 2047)"
image1664240547272.png,"(135, 1343, 271, 1421)","(870, 1277, 1102, 1529)","(135, 1343, 271, 1529)","(867, 1295, 1330, 2047)"
image1664240654049.png,"(693, 1945, 259, 1432)","(756, 1157, 1130, 1531)","(693, 1945, 259, 1531)","(733, 1179, 1359, 2047)"
image1664240669924.png,"(112, 1349, 223, 1395)","(861, 1267, 1117, 1509)","(112, 1349, 223, 1509)","(815, 1273, 1339, 2047)"
image1664240709270.png,"(613, 1830, 275, 1399)","(710, 1136, 1090, 1523)","(613, 1830, 275, 1523)","(681, 1145, 1340, 2047)"
image1664240724225.png,"(195, 1515, 231, 1393)","(865, 1309, 1129, 1537)","(195, 1515, 231, 1537)","(865, 1319, 1338, 2047)"
image1664240788212.png,"(717, 1867, 309, 1392)","(754, 1174, 1108, 1513)","(717, 1867, 309, 1513)","(751, 1180, 1339, 2047)"
image1664240806931.png,"(104, 1318, 180, 1319)","(848, 1267, 1015, 1426)","(104, 1318, 180, 1426)","(798, 1257, 1261, 2047)"
image1664240873509.png,"(763, 2047, 311, 1389)","(797, 1245, 1046, 1515)","(763, 2047, 311, 1515)","(767, 1239, 1285, 2047)"
image1664240900245.png,"(87, 1439, 297, 1377)","(943, 1384, 1031, 1502)","(87, 1439, 297, 1502)","(925, 1399, 1285, 2047)"
image1664240941206.png,"(691, 2040, 390, 1520)","(786, 1256, 1215, 1653)","(691, 2040, 390, 1653)","(776, 1246, 1459, 2047)"
image1664240968738.png,"(46, 1416, 293, 1503)","(842, 1298, 1198, 1630)","(46, 1416, 293, 1630)","(834, 1307, 1452, 2047)"
image1664241119204.png,"(629, 1893, 315, 1454)","(642, 1038, 1114, 1536)","(629, 1893, 315, 1536)","(612, 1050, 1348, 2047)"
image1664241147172.png,"(68, 1341, 318, 1460)","(902, 1301, 1128, 1543)","(68, 1341, 318, 1543)","(885, 1321, 1357, 2047)"
image1664241185947.png,"(586, 1913, 176, 1411)","(635, 1083, 1077, 1516)","(586, 1913, 176, 1516)","(610, 1080, 1313, 2047)"
image1664241204728.png,"(45, 1436, 128, 1342)","(863, 1328, 1019, 1447)","(45, 1436, 128, 1447)","(866, 1344, 1249, 2047)"
image1664241245579.png,"(691, 1819, 342, 1360)","(793, 1179, 1074, 1447)","(691, 1819, 342, 1447)","(785, 1184, 1278, 2047)"
image1664241263439.png,"(204, 1280, 330, 1328)","(867, 1249, 1034, 1410)","(204, 1280, 330, 1410)","(859, 1258, 1241, 2047)"
image1664241300713.png,"(678, 1833, 273, 1361)","(731, 1133, 1085, 1447)","(678, 1833, 273, 1447)","(727, 1173, 1295, 2047)"
image1664241319690.png,"(202, 1334, 368, 1462)","(882, 1284, 1179, 1543)","(202, 1334, 368, 1543)","(840, 1265, 1389, 2047)"
image1664241429399.png,"(684, 1983, 285, 1419)","(723, 1159, 1097, 1547)","(684, 1983, 285, 1547)","(702, 1166, 1335, 2047)"
image1664241445936.png,"(59, 1419, 278, 1416)","(838, 1292, 1123, 1547)","(59, 1419, 278, 1547)","(835, 1291, 1359, 2047)"
image1664241543216.png,"(715, 1873, 318, 1392)","(794, 1199, 1121, 1504)","(715, 1873, 318, 1504)","(783, 1210, 1327, 2047)"
image1664241557406.png,"(209, 1343, 400, 1459)","(880, 1288, 1178, 1559)","(209, 1343, 400, 1559)","(872, 1293, 1383, 2047)"
image1664241612376.png,"(725, 1921, 329, 1422)","(794, 1192, 1149, 1524)","(725, 1921, 329, 1524)","(786, 1226, 1365, 2047)"
image1664241629103.png,"(145, 1322, 282, 1345)","(901, 1290, 1059, 1436)","(145, 1322, 282, 1436)","(835, 1286, 1278, 2047)"
image1664241670872.png,"(725, 1928, 364, 1323)","(761, 1154, 1015, 1436)","(725, 1928, 364, 1436)","(734, 1176, 1253, 2047)"
image1664241697980.png,"(206, 1361, 388, 1465)","(896, 1296, 1175, 1586)","(206, 1361, 388, 1586)","(854, 1305, 1408, 2047)"
image1664241736840.png,"(703, 1860, 291, 1361)","(739, 1138, 1062, 1452)","(703, 1860, 291, 1452)","(720, 1142, 1269, 2047)"
image1664241753946.png,"(152, 1356, 358, 1389)","(883, 1284, 1103, 1482)","(152, 1356, 358, 1482)","(842, 1291, 1307, 2047)"
image1664241861710.png,"(664, 1940, 188, 1342)","(747, 1203, 1019, 1455)","(664, 1940, 188, 1455)","(733, 1202, 1264, 2047)"
image1664241887035.png,"(171, 1453, 231, 1402)","(915, 1344, 1071, 1503)","(171, 1453, 231, 1503)","(855, 1348, 1314, 2047)"
image1664241917976.png,"(655, 1886, 229, 1356)","(695, 1112, 1033, 1449)","(655, 1886, 229, 1449)","(669, 1121, 1274, 2047)"
image1664241944666.png,"(177, 1419, 207, 1392)","(923, 1338, 1062, 1494)","(177, 1419, 207, 1494)","(918, 1361, 1286, 2047)"
image1664242662364.png,"(617, 1850, 89, 1357)","(691, 1148, 1065, 1509)","(617, 1850, 89, 1509)","(650, 1124, 1309, 2047)"
image1664242687891.png,"(183, 1473, 184, 1437)","(829, 1301, 1191, 1629)","(183, 1473, 184, 1629)","(775, 1296, 1463, 2047)"
image1664242930720.png,"(679, 1922, 273, 1405)","(719, 1168, 1059, 1523)","(679, 1922, 273, 1523)","(691, 1172, 1317, 2047)"
image1664242958139.png,"(197, 1444, 287, 1460)","(901, 1363, 1151, 1599)","(197, 1444, 287, 1599)","(888, 1372, 1390, 2047)"
image1664243649839.png,"(778, 1870, 288, 1331)","(795, 1176, 1032, 1426)","(778, 1870, 288, 1426)","(766, 1153, 1226, 2047)"
image1664243678195.png,"(217, 1323, 415, 1471)","(903, 1285, 1174, 1562)","(217, 1323, 415, 1562)","(917, 1304, 1375, 2047)"
image1664845233533.png,"(724, 1900, 276, 1404)","(771, 1193, 1089, 1510)","(724, 1900, 276, 1510)","(767, 1232, 1334, 2047)"
image1664845259524.png,"(155, 1336, 326, 1450)","(889, 1307, 1138, 1557)","(155, 1336, 326, 1557)","(857, 1316, 1389, 2047)"
image1664845420262.png,"(464, 1554, 279, 1422)","(770, 1217, 1240, 1585)","(464, 1554, 279, 1585)","(793, 1221, 1406, 2047)"
image1664845446087.png,"(456, 1584, 297, 1454)","(774, 1229, 1272, 1612)","(456, 1584, 297, 1612)","(769, 1202, 1433, 2047)"
image1664846188621.png,"(299, 1665, 179, 1520)","(756, 1239, 1278, 1639)","(299, 1665, 179, 1639)","(780, 1260, 1445, 2047)"
image1664846204441.png,"(298, 1723, 188, 1513)","(790, 1267, 1279, 1644)","(298, 1723, 188, 1644)","(783, 1246, 1446, 2047)"
image1664846119484.png,"(472, 1580, 345, 1538)","(791, 1215, 1361, 1673)","(472, 1580, 345, 1673)","(810, 1224, 1503, 2047)"
image1664846135656.png,"(480, 1568, 282, 1490)","(781, 1207, 1301, 1623)","(480, 1568, 282, 1623)","(760, 1178, 1444, 2047)"
image1664846270124.png,"(398, 1560, 88, 1393)","(781, 1297, 1193, 1594)","(398, 1560, 88, 1594)","(814, 1298, 1374, 2047)"
image1664846288776.png,"(432, 1661, 156, 1439)","(773, 1265, 1257, 1621)","(432, 1661, 156, 1621)","(770, 1223, 1441, 2047)"
image1664846497621.png,"(363, 1665, 199, 1533)","(810, 1297, 1297, 1657)","(363, 1665, 199, 1657)","(835, 1279, 1465, 2047)"
image1664846512328.png,"(393, 1715, 180, 1486)","(788, 1263, 1273, 1616)","(393, 1715, 180, 1616)","(755, 1230, 1442, 2047)"
image1664846838406.png,"(461, 1549, 274, 1482)","(771, 1222, 1308, 1666)","(461, 1549, 274, 1666)","(805, 1230, 1496, 2047)"
image1664846856735.png,"(540, 1633, 284, 1514)","(795, 1241, 1323, 1691)","(540, 1633, 284, 1691)","(782, 1218, 1498, 2047)"
image1664846908144.png,"(488, 1535, 190, 1429)","(764, 1228, 1267, 1625)","(488, 1535, 190, 1625)","(789, 1220, 1444, 2047)"
image1664846927035.png,"(508, 1567, 144, 1373)","(818, 1275, 1204, 1564)","(508, 1567, 144, 1564)","(816, 1249, 1378, 2047)"
image1664847202974.png,"(366, 1598, 146, 1466)","(779, 1255, 1257, 1603)","(366, 1598, 146, 1603)","(800, 1256, 1426, 2047)"
image1664847232546.png,"(456, 1639, 201, 1499)","(796, 1262, 1311, 1655)","(456, 1639, 201, 1655)","(785, 1244, 1472, 2047)"
image1664847331497.png,"(456, 1553, 149, 1385)","(760, 1204, 1221, 1547)","(456, 1553, 149, 1547)","(804, 1229, 1402, 2047)"
image1664847357453.png,"(486, 1534, 166, 1400)","(771, 1204, 1230, 1561)","(486, 1534, 166, 1561)","(752, 1171, 1411, 2047)"
image1664847413470.png,"(427, 1540, 89, 1335)","(768, 1250, 1141, 1515)","(427, 1540, 89, 1515)","(793, 1272, 1332, 2047)"
image1664847440074.png,"(443, 1630, 166, 1412)","(776, 1248, 1205, 1585)","(443, 1630, 166, 1585)","(731, 1220, 1411, 2047)"
image1664848184021.png,"(410, 1543, 195, 1350)","(768, 1193, 1180, 1510)","(410, 1543, 195, 1510)","(784, 1185, 1333, 2047)"
image1664848211575.png,"(500, 1608, 295, 1438)","(810, 1232, 1270, 1597)","(500, 1608, 295, 1597)","(813, 1210, 1408, 2047)"
image1664848248738.png,"(385, 1601, 83, 1385)","(762, 1213, 1181, 1534)","(385, 1601, 83, 1534)","(777, 1175, 1336, 2047)"
image1664848267445.png,"(377, 1650, 72, 1366)","(796, 1245, 1181, 1528)","(377, 1650, 72, 1528)","(836, 1226, 1331, 2047)"
image1664848434180.png,"(381, 1594, 156, 1371)","(786, 1217, 1178, 1520)","(381, 1594, 156, 1520)","(804, 1226, 1340, 2047)"
image1664848452388.png,"(408, 1543, 270, 1474)","(772, 1211, 1287, 1634)","(408, 1543, 270, 1634)","(764, 1185, 1443, 2047)"
image1664848589440.png,"(482, 1546, 136, 1382)","(757, 1236, 1175, 1543)","(482, 1546, 136, 1543)","(773, 1226, 1353, 2047)"
image1664848616528.png,"(435, 1528, 172, 1399)","(813, 1302, 1200, 1570)","(435, 1528, 172, 1570)","(777, 1263, 1401, 2047)"
image1664931829104.png,"(453, 1558, 287, 1549)","(777, 1242, 1354, 1704)","(453, 1558, 287, 1704)","(793, 1208, 1506, 2047)"
image1664931867611.png,"(404, 1649, 51, 1315)","(758, 1227, 1102, 1455)","(404, 1649, 51, 1455)","(734, 1198, 1269, 2047)"
image1664932078191.png,"(483, 1595, 78, 1360)","(750, 1256, 1166, 1554)","(483, 1595, 78, 1554)","(802, 1301, 1364, 2047)"
image1664932097820.png,"(509, 1652, 127, 1411)","(792, 1313, 1211, 1609)","(509, 1652, 127, 1609)","(772, 1243, 1407, 2047)"
image1664932140936.png,"(502, 1570, 149, 1372)","(796, 1282, 1182, 1542)","(502, 1570, 149, 1542)","(840, 1284, 1355, 2047)"
image1664932155633.png,"(438, 1591, 154, 1373)","(817, 1295, 1195, 1567)","(438, 1591, 154, 1567)","(743, 1224, 1400, 2047)"
image1664932294291.png,"(473, 1515, 166, 1335)","(817, 1219, 1157, 1471)","(473, 1515, 166, 1471)","(835, 1204, 1313, 2047)"
image1664932309699.png,"(455, 1564, 192, 1345)","(792, 1195, 1175, 1497)","(455, 1564, 192, 1497)","(774, 1175, 1341, 2047)"
image1664932424514.png,"(374, 1594, 124, 1415)","(832, 1304, 1200, 1543)","(374, 1594, 124, 1543)","(852, 1315, 1356, 2047)"
image1664932451633.png,"(533, 1700, 157, 1433)","(810, 1279, 1226, 1570)","(533, 1700, 157, 1570)","(793, 1256, 1380, 2047)"
image1664932982615.png,"(542, 1519, 174, 1287)","(803, 1228, 1112, 1439)","(542, 1519, 174, 1439)","(841, 1228, 1268, 2047)"
image1664932998571.png,"(541, 1509, 264, 1384)","(778, 1203, 1188, 1524)","(541, 1509, 264, 1524)","(773, 1157, 1347, 2047)"
image1664933049682.png,"(438, 1590, 241, 1432)","(769, 1199, 1273, 1592)","(438, 1590, 241, 1592)","(797, 1181, 1441, 2047)"
image1664933074279.png,"(475, 1562, 217, 1413)","(853, 1280, 1237, 1570)","(475, 1562, 217, 1570)","(865, 1255, 1416, 2047)"
image1664933130602.png,"(446, 1613, 96, 1339)","(789, 1262, 1134, 1490)","(446, 1613, 96, 1490)","(833, 1265, 1316, 2047)"
image1664933145743.png,"(470, 1700, 175, 1430)","(774, 1241, 1190, 1559)","(470, 1700, 175, 1559)","(775, 1206, 1375, 2047)"
image1664933179818.png,"(385, 1638, 86, 1410)","(742, 1250, 1221, 1607)","(385, 1638, 86, 1607)","(777, 1242, 1414, 2047)"
image1664933195576.png,"(423, 1723, 6, 1349)","(765, 1275, 1134, 1516)","(423, 1723, 6, 1516)","(746, 1222, 1339, 2047)"
image1664933797100.png,"(399, 1506, 158, 1353)","(773, 1215, 1166, 1504)","(399, 1506, 158, 1504)","(802, 1221, 1335, 2047)"
image1664933812455.png,"(556, 1701, 228, 1416)","(845, 1283, 1237, 1578)","(556, 1701, 228, 1578)","(816, 1247, 1417, 2047)"
image1664933934603.png,"(540, 1519, 192, 1421)","(782, 1232, 1263, 1591)","(540, 1519, 192, 1591)","(811, 1241, 1405, 2047)"
image1664933949941.png,"(508, 1541, 131, 1353)","(836, 1281, 1188, 1528)","(508, 1541, 131, 1528)","(836, 1257, 1341, 2047)"
image1664933989932.png,"(448, 1539, 73, 1295)","(784, 1230, 1113, 1466)","(448, 1539, 73, 1466)","(818, 1264, 1293, 2047)"
image1664934003898.png,"(469, 1565, 162, 1372)","(830, 1267, 1200, 1558)","(469, 1565, 162, 1558)","(805, 1240, 1381, 2047)"
image1664934044092.png,"(542, 1503, 208, 1394)","(819, 1259, 1224, 1558)","(542, 1503, 208, 1558)","(853, 1296, 1389, 2047)"
image1664934060702.png,"(503, 1499, 180, 1332)","(856, 1288, 1167, 1516)","(503, 1499, 180, 1516)","(824, 1258, 1348, 2047)"
image1664934099520.png,"(372, 1670, 102, 1446)","(785, 1239, 1222, 1565)","(372, 1670, 102, 1565)","(794, 1238, 1380, 2047)"
image1664934117904.png,"(523, 1618, 65, 1415)","(808, 1260, 1193, 1537)","(523, 1618, 65, 1537)","(791, 1240, 1360, 2047)"
image1664934337502.png,"(445, 1477, 171, 1395)","(781, 1209, 1208, 1535)","(445, 1477, 171, 1535)","(815, 1233, 1374, 2047)"
image1664934362240.png,"(472, 1486, 198, 1386)","(823, 1250, 1228, 1555)","(472, 1486, 198, 1555)","(793, 1220, 1384, 2047)"
image1664934393392.png,"(326, 1526, 46, 1382)","(722, 1221, 1184, 1563)","(326, 1526, 46, 1563)","(751, 1210, 1380, 2047)"
image1664934420890.png,"(477, 1736, 83, 1425)","(799, 1298, 1213, 1593)","(477, 1736, 83, 1593)","(798, 1259, 1412, 2047)"
image1664934876849.png,"(422, 1631, 153, 1333)","(782, 1221, 1148, 1469)","(422, 1631, 153, 1469)","(811, 1254, 1299, 2047)"
image1664934894024.png,"(465, 1705, 171, 1369)","(810, 1243, 1165, 1491)","(465, 1705, 171, 1491)","(800, 1223, 1317, 2047)"
image1664934986606.png,"(289, 1648, 9, 1310)","(785, 1274, 1077, 1456)","(289, 1648, 9, 1456)","(811, 1283, 1269, 2047)"
image1664935001598.png,"(358, 1767, 62, 1353)","(759, 1253, 1119, 1497)","(358, 1767, 62, 1497)","(746, 1223, 1309, 2047)"
image1664935401873.png,"(227, 1539, 351, 1609)","(710, 1236, 1392, 1746)","(227, 1539, 351, 1746)","(804, 1291, 1583, 2047)"
image1664935429454.png,"(454, 1861, 376, 1639)","(787, 1300, 1409, 1763)","(454, 1861, 376, 1763)","(748, 1223, 1594, 2047)"
image1664935855616.png,"(276, 1542, 395, 1602)","(690, 1146, 1414, 1741)","(276, 1542, 395, 1741)","(733, 1182, 1580, 2047)"
image1664935885236.png,"(307, 1668, 320, 1501)","(772, 1222, 1317, 1664)","(307, 1668, 320, 1664)","(761, 1218, 1467, 2047)"
image1664935962797.png,"(380, 1604, 430, 1579)","(807, 1256, 1373, 1693)","(380, 1604, 430, 1693)","(857, 1279, 1535, 2047)"
image1664935989808.png,"(468, 1664, 406, 1579)","(725, 1166, 1348, 1684)","(468, 1664, 406, 1684)","(693, 1134, 1513, 2047)"
image1664936628678.png,"(350, 1525, 287, 1595)","(720, 1208, 1410, 1782)","(350, 1525, 287, 1782)","(734, 1222, 1571, 2047)"
image1664936656117.png,"(408, 1693, 313, 1652)","(759, 1256, 1443, 1807)","(408, 1693, 313, 1807)","(729, 1240, 1598, 2047)"
image1664937007326.png,"(349, 1666, 297, 1522)","(837, 1318, 1292, 1635)","(349, 1666, 297, 1635)","(886, 1354, 1459, 2047)"
image1664937034593.png,"(290, 1640, 266, 1473)","(737, 1226, 1250, 1609)","(290, 1640, 266, 1609)","(700, 1155, 1435, 2047)"
image1665125259681.png,"(308, 1501, 207, 1522)","(706, 1198, 1327, 1675)","(308, 1501, 207, 1675)","(742, 1214, 1499, 2047)"
image1665125285549.png,"(585, 1631, 188, 1483)","(791, 1280, 1294, 1642)","(585, 1631, 188, 1642)","(778, 1237, 1470, 2047)"
image1665450162776.png,"(385, 1608, 226, 1421)","(778, 1208, 1240, 1572)","(385, 1608, 226, 1572)","(797, 1216, 1405, 2047)"
image1665450178483.png,"(433, 1606, 375, 1579)","(777, 1217, 1395, 1725)","(433, 1606, 375, 1725)","(757, 1179, 1567, 2047)"
image1665450304426.png,"(519, 1527, 202, 1448)","(825, 1282, 1225, 1590)","(519, 1527, 202, 1590)","(854, 1294, 1398, 2047)"
image1665450343550.png,"(514, 1565, 192, 1414)","(769, 1230, 1215, 1570)","(514, 1565, 192, 1570)","(751, 1185, 1386, 2047)"
image1665450951082.png,"(373, 1591, 229, 1517)","(789, 1275, 1307, 1649)","(373, 1591, 229, 1649)","(826, 1278, 1464, 2047)"
image1665450970862.png,"(436, 1661, 192, 1455)","(781, 1279, 1258, 1605)","(436, 1661, 192, 1605)","(771, 1238, 1420, 2047)"
image1665451350649.png,"(507, 1511, 198, 1365)","(766, 1239, 1158, 1507)","(507, 1511, 198, 1507)","(805, 1262, 1345, 2047)"
image1665451377584.png,"(550, 1544, 289, 1460)","(801, 1275, 1264, 1621)","(550, 1544, 289, 1621)","(781, 1239, 1445, 2047)"
image1665452035077.png,"(370, 1493, 206, 1437)","(749, 1235, 1242, 1609)","(370, 1493, 206, 1609)","(790, 1240, 1425, 2047)"
image1665452058937.png,"(507, 1709, 235, 1461)","(798, 1280, 1260, 1630)","(507, 1709, 235, 1630)","(785, 1234, 1451, 2047)"
image1665452681174.png,"(430, 1562, 238, 1367)","(766, 1170, 1189, 1516)","(430, 1562, 238, 1516)","(777, 1166, 1339, 2047)"
image1665452699192.png,"(515, 1556, 180, 1321)","(793, 1198, 1146, 1464)","(515, 1556, 180, 1464)","(753, 1172, 1297, 2047)"
image1665452776442.png,"(417, 1677, 190, 1425)","(795, 1284, 1250, 1619)","(417, 1677, 190, 1619)","(840, 1285, 1433, 2047)"
image1665452791225.png,"(441, 1638, 193, 1423)","(739, 1225, 1247, 1619)","(441, 1638, 193, 1619)","(743, 1188, 1414, 2047)"
image1665452855675.png,"(401, 1560, 103, 1419)","(754, 1236, 1232, 1599)","(401, 1560, 103, 1599)","(794, 1257, 1435, 2047)"
image1665452871950.png,"(482, 1698, 166, 1496)","(762, 1248, 1296, 1664)","(482, 1698, 166, 1664)","(743, 1195, 1480, 2047)"
image1665452927615.png,"(481, 1571, 245, 1442)","(719, 1192, 1271, 1608)","(481, 1571, 245, 1608)","(761, 1195, 1429, 2047)"
image1665452941530.png,"(409, 1608, 233, 1439)","(799, 1270, 1260, 1609)","(409, 1608, 233, 1609)","(799, 1223, 1427, 2047)"
image1665453508984.png,"(393, 1569, 312, 1589)","(752, 1214, 1397, 1742)","(393, 1569, 312, 1742)","(786, 1235, 1558, 2047)"
image1665453534921.png,"(510, 1742, 251, 1541)","(832, 1286, 1325, 1679)","(510, 1742, 251, 1679)","(796, 1251, 1487, 2047)"
image1665453788164.png,"(410, 1473, 406, 1589)","(788, 1226, 1378, 1721)","(410, 1473, 406, 1721)","(803, 1239, 1540, 2047)"
image1665453804998.png,"(440, 1619, 407, 1583)","(786, 1224, 1397, 1732)","(440, 1619, 407, 1732)","(764, 1198, 1547, 2047)"
image1665453880555.png,"(388, 1559, 473, 1655)","(777, 1235, 1457, 1800)","(388, 1559, 473, 1800)","(788, 1242, 1620, 2047)"
image1665453897981.png,"(306, 1544, 325, 1496)","(756, 1199, 1308, 1645)","(306, 1544, 325, 1645)","(730, 1189, 1456, 2047)"
image1665454683455.png,"(284, 1585, 492, 1748)","(777, 1225, 1541, 1900)","(284, 1585, 492, 1900)","(790, 1240, 1712, 2047)"
image1665454711973.png,"(375, 1639, 545, 1747)","(800, 1253, 1553, 1929)","(375, 1639, 545, 1929)","(773, 1224, 1747, 2047)"
image1665536522908.png,"(374, 1681, 112, 1384)","(765, 1252, 1181, 1557)","(374, 1681, 112, 1557)","(786, 1245, 1358, 2047)"
image1665536548947.png,"(396, 1654, 206, 1482)","(751, 1243, 1267, 1637)","(396, 1654, 206, 1637)","(714, 1189, 1470, 2047)"
image1665536667575.png,"(380, 1547, 27, 1338)","(734, 1231, 1157, 1523)","(380, 1547, 27, 1523)","(744, 1235, 1330, 2047)"
image1665536682762.png,"(476, 1570, 7, 1305)","(800, 1301, 1113, 1492)","(476, 1570, 7, 1492)","(779, 1272, 1310, 2047)"
image1665536734529.png,"(470, 1540, 224, 1428)","(809, 1242, 1227, 1561)","(470, 1540, 224, 1561)","(828, 1260, 1384, 2047)"
image1665536751182.png,"(441, 1562, 105, 1296)","(794, 1231, 1108, 1441)","(441, 1562, 105, 1441)","(768, 1204, 1268, 2047)"
image1665536805845.png,"(379, 1639, 59, 1324)","(796, 1260, 1107, 1456)","(379, 1639, 59, 1456)","(829, 1255, 1270, 2047)"
image1665536821260.png,"(424, 1645, 208, 1477)","(768, 1223, 1237, 1599)","(424, 1645, 208, 1599)","(763, 1182, 1422, 2047)"
image1665536862177.png,"(293, 1658, 65, 1333)","(762, 1228, 1141, 1513)","(293, 1658, 65, 1513)","(777, 1234, 1324, 2047)"
image1665536878214.png,"(385, 1687, 122, 1373)","(808, 1281, 1196, 1566)","(385, 1687, 122, 1566)","(797, 1251, 1375, 2047)"
image1665536917342.png,"(492, 1545, 89, 1291)","(781, 1214, 1116, 1453)","(492, 1545, 89, 1453)","(805, 1255, 1274, 2047)"
image1665536934428.png,"(417, 1584, 154, 1384)","(747, 1175, 1181, 1524)","(417, 1584, 154, 1524)","(735, 1159, 1344, 2047)"
image1665537645143.png,"(380, 1568, 184, 1387)","(804, 1250, 1200, 1526)","(380, 1568, 184, 1526)","(829, 1267, 1355, 2047)"
image1665537659557.png,"(478, 1666, 253, 1444)","(781, 1222, 1260, 1592)","(478, 1666, 253, 1592)","(781, 1194, 1395, 2047)"
image1665537862361.png,"(337, 1606, 188, 1431)","(757, 1203, 1247, 1565)","(337, 1606, 188, 1565)","(789, 1228, 1397, 2047)"
image1665537890819.png,"(387, 1730, 154, 1387)","(867, 1310, 1194, 1529)","(387, 1730, 154, 1529)","(847, 1281, 1363, 2047)"
image1665538532637.png,"(329, 1567, 289, 1551)","(746, 1235, 1336, 1707)","(329, 1567, 289, 1707)","(769, 1232, 1511, 2047)"
image1665538557566.png,"(478, 1674, 201, 1455)","(801, 1291, 1251, 1612)","(478, 1674, 201, 1612)","(787, 1255, 1416, 2047)"
image1665538625965.png,"(482, 1621, 209, 1462)","(762, 1205, 1283, 1637)","(482, 1621, 209, 1637)","(790, 1219, 1449, 2047)"
image1665538654390.png,"(439, 1644, 185, 1438)","(811, 1258, 1250, 1607)","(439, 1644, 185, 1607)","(789, 1226, 1428, 2047)"
image1665539034069.png,"(388, 1581, 146, 1386)","(740, 1191, 1198, 1560)","(388, 1581, 146, 1560)","(769, 1210, 1386, 2047)"
image1665539050260.png,"(390, 1634, 19, 1253)","(785, 1235, 1060, 1428)","(390, 1634, 19, 1428)","(758, 1203, 1250, 2047)"
image1665539161576.png,"(291, 1585, 88, 1468)","(774, 1263, 1244, 1616)","(291, 1585, 88, 1616)","(798, 1296, 1430, 2047)"
image1665539181057.png,"(398, 1732, 108, 1510)","(749, 1240, 1281, 1659)","(398, 1732, 108, 1659)","(721, 1219, 1477, 2047)"
image1665539233052.png,"(274, 1638, 86, 1398)","(788, 1294, 1174, 1554)","(274, 1638, 86, 1554)","(835, 1347, 1382, 2047)"
image1665539259135.png,"(390, 1791, 65, 1369)","(750, 1257, 1138, 1515)","(390, 1791, 65, 1515)","(719, 1217, 1338, 2047)"
image1665539288745.png,"(347, 1589, 5, 1363)","(713, 1207, 1160, 1537)","(347, 1589, 5, 1537)","(748, 1240, 1335, 2047)"
image1665539315805.png,"(407, 1683, 3, 1350)","(789, 1287, 1161, 1528)","(407, 1683, 3, 1528)","(746, 1242, 1343, 2047)"
image1665539937219.png,"(398, 1653, 428, 1651)","(859, 1333, 1411, 1746)","(398, 1653, 428, 1746)","(894, 1350, 1575, 2047)"
image1665539962902.png,"(371, 1698, 502, 1730)","(729, 1200, 1477, 1834)","(371, 1698, 502, 1834)","(722, 1174, 1650, 2047)"
image1665540042278.png,"(397, 1573, 316, 1524)","(696, 1156, 1347, 1695)","(397, 1573, 316, 1695)","(714, 1170, 1486, 2047)"
image1665540070459.png,"(460, 1645, 324, 1561)","(786, 1241, 1372, 1711)","(460, 1645, 324, 1711)","(744, 1205, 1524, 2047)"
image1665540147858.png,"(246, 1553, 342, 1636)","(793, 1255, 1407, 1749)","(246, 1553, 342, 1749)","(829, 1267, 1563, 2047)"
image1665540166845.png,"(385, 1789, 274, 1542)","(693, 1158, 1326, 1675)","(385, 1789, 274, 1675)","(667, 1111, 1500, 2047)"
image1665540641957.png,"(334, 1615, 260, 1494)","(752, 1228, 1302, 1653)","(334, 1615, 260, 1653)","(797, 1267, 1475, 2047)"
image1665540658823.png,"(390, 1718, 396, 1643)","(798, 1262, 1441, 1794)","(390, 1718, 396, 1794)","(764, 1226, 1618, 2047)"
image1665540749280.png,"(367, 1468, 365, 1627)","(715, 1162, 1415, 1733)","(367, 1468, 365, 1733)","(753, 1194, 1549, 2047)"
image1665540772945.png,"(395, 1783, 383, 1638)","(828, 1277, 1432, 1754)","(395, 1783, 383, 1754)","(803, 1250, 1560, 2047)"
image1665540854846.png,"(230, 1490, 350, 1545)","(727, 1171, 1323, 1668)","(230, 1490, 350, 1668)","(758, 1187, 1492, 2047)"
image1665540873549.png,"(407, 1755, 371, 1535)","(816, 1261, 1359, 1686)","(407, 1755, 371, 1686)","(804, 1225, 1509, 2047)"
image1665541076920.png,"(223, 1565, 293, 1679)","(795, 1288, 1416, 1762)","(223, 1565, 293, 1762)","(822, 1327, 1594, 2047)"
image1665541103884.png,"(350, 1750, 277, 1669)","(703, 1200, 1407, 1772)","(350, 1750, 277, 1772)","(612, 1155, 1619, 2047)"
image1666054793047.png,"(397, 1493, 101, 1368)","(812, 1277, 1160, 1505)","(397, 1493, 101, 1505)","(827, 1276, 1315, 2047)"
image1666054819179.png,"(510, 1648, 86, 1363)","(784, 1250, 1153, 1502)","(510, 1648, 86, 1502)","(763, 1229, 1323, 2047)"
image1666054868738.png,"(355, 1582, 101, 1383)","(803, 1273, 1182, 1529)","(355, 1582, 101, 1529)","(825, 1267, 1355, 2047)"
image1666054886283.png,"(468, 1659, 77, 1331)","(778, 1243, 1161, 1494)","(468, 1659, 77, 1494)","(806, 1217, 1309, 2047)"
image1666054988891.png,"(367, 1597, 87, 1375)","(767, 1214, 1197, 1553)","(367, 1597, 87, 1553)","(783, 1255, 1376, 2047)"
image1666055014770.png,"(460, 1759, 107, 1419)","(786, 1214, 1215, 1563)","(460, 1759, 107, 1563)","(781, 1217, 1366, 2047)"
image1666055056393.png,"(371, 1571, 119, 1315)","(775, 1189, 1128, 1448)","(371, 1571, 119, 1448)","(790, 1184, 1278, 2047)"
image1666055073787.png,"(434, 1577, 48, 1242)","(828, 1245, 1064, 1386)","(434, 1577, 48, 1386)","(802, 1220, 1213, 2047)"
image1666055534030.png,"(428, 1509, 6, 1257)","(792, 1255, 1061, 1411)","(428, 1509, 6, 1411)","(836, 1282, 1231, 2047)"
image1666055548216.png,"(477, 1672, 0, 1248)","(783, 1247, 1058, 1411)","(477, 1672, 0, 1411)","(771, 1216, 1223, 2047)"
image1666055724935.png,"(380, 1630, 60, 1296)","(767, 1267, 1120, 1485)","(380, 1630, 60, 1485)","(795, 1274, 1284, 2047)"
image1666055748691.png,"(449, 1711, 77, 1332)","(777, 1276, 1138, 1504)","(449, 1711, 77, 1504)","(749, 1243, 1301, 2047)"
image1666055793379.png,"(409, 1559, 11, 1288)","(782, 1258, 1061, 1427)","(409, 1559, 11, 1427)","(802, 1252, 1240, 2047)"
image1666055808396.png,"(481, 1634, 12, 1289)","(799, 1269, 1069, 1439)","(481, 1634, 12, 1439)","(801, 1248, 1258, 2047)"
image1666055871574.png,"(489, 1553, 144, 1358)","(796, 1224, 1181, 1507)","(489, 1553, 144, 1507)","(815, 1243, 1324, 2047)"
image1666055889713.png,"(480, 1546, 78, 1301)","(793, 1223, 1124, 1435)","(480, 1546, 78, 1435)","(761, 1189, 1261, 2047)"
image1666057913526.png,"(392, 1567, 94, 1432)","(765, 1270, 1219, 1614)","(392, 1567, 94, 1614)","(773, 1257, 1417, 2047)"
image1666057933790.png,"(426, 1635, 66, 1423)","(689, 1184, 1188, 1579)","(426, 1635, 66, 1579)","(681, 1155, 1390, 2047)"
image1666058234645.png,"(223, 1632, 137, 1505)","(722, 1201, 1266, 1631)","(223, 1632, 137, 1631)","(737, 1208, 1446, 2047)"
image1666058249428.png,"(456, 1734, 105, 1449)","(814, 1300, 1233, 1593)","(456, 1734, 105, 1593)","(800, 1272, 1413, 2047)"
image1666059321587.png,"(242, 1502, 295, 1648)","(700, 1202, 1426, 1787)","(242, 1502, 295, 1787)","(713, 1200, 1583, 2047)"
image1666059342311.png,"(476, 1784, 294, 1640)","(799, 1305, 1421, 1779)","(476, 1784, 294, 1779)","(797, 1274, 1581, 2047)"
image1666059406855.png,"(258, 1444, 222, 1642)","(704, 1209, 1431, 1789)","(258, 1444, 222, 1789)","(748, 1228, 1615, 2047)"
image1666059423586.png,"(534, 1803, 242, 1672)","(765, 1264, 1445, 1798)","(534, 1803, 242, 1798)","(710, 1202, 1633, 2047)"
image1666059605746.png,"(235, 1639, 311, 1575)","(734, 1200, 1325, 1684)","(235, 1639, 311, 1684)","(720, 1185, 1480, 2047)"
image1666059630733.png,"(359, 1776, 270, 1560)","(738, 1211, 1293, 1640)","(359, 1776, 270, 1640)","(688, 1185, 1468, 2047)"
image1666059689193.png,"(372, 1544, 252, 1520)","(784, 1266, 1334, 1690)","(372, 1544, 252, 1690)","(804, 1274, 1496, 2047)"
image1666059716951.png,"(378, 1687, 247, 1513)","(789, 1275, 1343, 1690)","(378, 1687, 247, 1690)","(767, 1239, 1523, 2047)"
image1666059783189.png,"(445, 1674, 303, 1587)","(826, 1288, 1398, 1735)","(445, 1674, 303, 1735)","(844, 1297, 1551, 2047)"
image1666059811309.png,"(359, 1584, 310, 1571)","(737, 1200, 1391, 1720)","(359, 1584, 310, 1720)","(725, 1162, 1549, 2047)"
image1666059865789.png,"(315, 1506, 308, 1549)","(784, 1234, 1328, 1672)","(315, 1506, 308, 1672)","(792, 1236, 1492, 2047)"
image1666059889440.png,"(478, 1694, 214, 1449)","(790, 1244, 1234, 1574)","(478, 1694, 214, 1574)","(781, 1229, 1400, 2047)"
image1666059948563.png,"(350, 1611, 303, 1558)","(727, 1207, 1353, 1711)","(350, 1611, 303, 1711)","(752, 1223, 1526, 2047)"
image1666059976090.png,"(531, 1709, 387, 1667)","(776, 1264, 1444, 1809)","(531, 1709, 387, 1809)","(756, 1231, 1615, 2047)"
image1666060113452.png,"(346, 1576, 411, 1645)","(789, 1257, 1441, 1782)","(346, 1576, 411, 1782)","(818, 1266, 1596, 2047)"
image1666060142188.png,"(418, 1646, 266, 1466)","(736, 1223, 1266, 1615)","(418, 1646, 266, 1615)","(720, 1177, 1439, 2047)"
image1666060193608.png,"(254, 1562, 288, 1584)","(653, 1155, 1394, 1778)","(254, 1562, 288, 1778)","(666, 1142, 1574, 2047)"
image1666060218597.png,"(458, 1762, 315, 1633)","(831, 1331, 1436, 1810)","(458, 1762, 315, 1810)","(807, 1302, 1594, 2047)"
image1666060263572.png,"(263, 1647, 361, 1692)","(738, 1252, 1487, 1855)","(263, 1647, 361, 1855)","(768, 1248, 1664, 2047)"
image1666060290385.png,"(466, 1783, 308, 1641)","(780, 1285, 1431, 1793)","(466, 1783, 308, 1793)","(762, 1245, 1621, 2047)"
image1666060344877.png,"(148, 1716, 323, 1648)","(728, 1262, 1439, 1809)","(148, 1716, 323, 1809)","(774, 1277, 1621, 2047)"
image1666060373215.png,"(391, 1917, 188, 1453)","(877, 1393, 1243, 1631)","(391, 1917, 188, 1631)","(866, 1360, 1433, 2047)"
image1666060713139.png,"(333, 1511, 312, 1511)","(741, 1180, 1319, 1641)","(333, 1511, 312, 1641)","(770, 1212, 1482, 2047)"
image1666060743242.png,"(467, 1679, 358, 1572)","(790, 1231, 1373, 1699)","(467, 1679, 358, 1699)","(767, 1200, 1524, 2047)"
image1666141346033.png,"(466, 1557, 127, 1340)","(787, 1207, 1131, 1454)","(466, 1557, 127, 1454)","(802, 1192, 1275, 2047)"
image1666141363652.png,"(471, 1625, 152, 1355)","(777, 1202, 1148, 1473)","(471, 1625, 152, 1473)","(780, 1182, 1296, 2047)"
image1666142688784.png,"(395, 1557, 77, 1323)","(755, 1231, 1133, 1503)","(395, 1557, 77, 1503)","(771, 1220, 1308, 2047)"
image1666142717159.png,"(433, 1665, 101, 1327)","(808, 1289, 1133, 1503)","(433, 1665, 101, 1503)","(789, 1252, 1324, 2047)"
image1666142883608.png,"(453, 1553, 122, 1253)","(734, 1176, 1087, 1417)","(453, 1553, 122, 1417)","(776, 1198, 1244, 2047)"
image1666142909622.png,"(484, 1556, 158, 1295)","(823, 1275, 1137, 1472)","(484, 1556, 158, 1472)","(799, 1218, 1293, 2047)"
image1666142946835.png,"(489, 1487, 134, 1370)","(822, 1235, 1186, 1527)","(489, 1487, 134, 1527)","(831, 1235, 1351, 2047)"
image1666142965935.png,"(465, 1558, 134, 1369)","(835, 1239, 1202, 1537)","(465, 1558, 134, 1537)","(824, 1237, 1364, 2047)"
image1666144094464.png,"(358, 1615, 92, 1501)","(822, 1270, 1217, 1607)","(358, 1615, 92, 1607)","(805, 1274, 1419, 2047)"
image1666144111171.png,"(393, 1665, 100, 1499)","(753, 1204, 1246, 1614)","(393, 1665, 100, 1614)","(745, 1206, 1430, 2047)"
image1666573254287.png,"(466, 1634, 139, 1307)","(805, 1250, 1102, 1422)","(466, 1634, 139, 1422)","(839, 1254, 1252, 2047)"
image1666573269645.png,"(491, 1558, 113, 1279)","(775, 1213, 1077, 1398)","(491, 1558, 113, 1398)","(760, 1179, 1222, 2047)"
image1666573319986.png,"(406, 1610, 162, 1361)","(764, 1213, 1173, 1512)","(406, 1610, 162, 1512)","(782, 1234, 1325, 2047)"
image1666573336671.png,"(494, 1621, 196, 1417)","(738, 1181, 1217, 1559)","(494, 1621, 196, 1559)","(733, 1170, 1366, 2047)"
image1666573448004.png,"(383, 1587, 175, 1376)","(791, 1226, 1197, 1532)","(383, 1587, 175, 1532)","(795, 1234, 1338, 2047)"
image1666573462779.png,"(489, 1625, 135, 1327)","(832, 1270, 1149, 1481)","(489, 1625, 135, 1481)","(823, 1262, 1291, 2047)"
image1666573501527.png,"(301, 1711, 106, 1511)","(762, 1264, 1298, 1699)","(301, 1711, 106, 1699)","(780, 1249, 1485, 2047)"
image1666573516041.png,"(398, 1713, 144, 1543)","(761, 1255, 1317, 1721)","(398, 1713, 144, 1721)","(769, 1231, 1508, 2047)"
image1666573621389.png,"(366, 1658, 110, 1407)","(772, 1273, 1204, 1576)","(366, 1658, 110, 1576)","(802, 1252, 1380, 2047)"
image1666573636491.png,"(462, 1684, 173, 1475)","(802, 1292, 1274, 1641)","(462, 1684, 173, 1641)","(811, 1269, 1452, 2047)"
image1666573675084.png,"(330, 1536, 53, 1508)","(772, 1266, 1281, 1681)","(330, 1536, 53, 1681)","(781, 1261, 1468, 2047)"
image1666573702766.png,"(425, 1654, 139, 1565)","(746, 1236, 1351, 1750)","(425, 1654, 139, 1750)","(761, 1225, 1535, 2047)"
image1666573743950.png,"(516, 1515, 162, 1308)","(804, 1219, 1131, 1454)","(516, 1515, 162, 1454)","(792, 1213, 1271, 2047)"
image1666573768043.png,"(484, 1506, 204, 1344)","(780, 1191, 1165, 1486)","(484, 1506, 204, 1486)","(779, 1183, 1302, 2047)"
image1666573825661.png,"(335, 1601, 105, 1430)","(786, 1286, 1217, 1613)","(335, 1601, 105, 1613)","(802, 1288, 1400, 2047)"
image1666573854736.png,"(384, 1632, 63, 1379)","(727, 1233, 1182, 1570)","(384, 1632, 63, 1570)","(716, 1200, 1362, 2047)"
image1666573897114.png,"(366, 1586, 115, 1441)","(695, 1163, 1253, 1633)","(366, 1586, 115, 1633)","(715, 1157, 1447, 2047)"
image1666573923456.png,"(488, 1653, 95, 1444)","(829, 1300, 1238, 1614)","(488, 1653, 95, 1614)","(819, 1272, 1430, 2047)"
image1666574567789.png,"(360, 1508, 111, 1353)","(762, 1193, 1151, 1494)","(360, 1508, 111, 1494)","(792, 1203, 1319, 2047)"
image1666574582888.png,"(500, 1643, 150, 1381)","(763, 1191, 1175, 1516)","(500, 1643, 150, 1516)","(748, 1162, 1341, 2047)"
image1666575044555.png,"(468, 1543, 132, 1363)","(770, 1207, 1193, 1516)","(468, 1543, 132, 1516)","(802, 1217, 1352, 2047)"
image1666575070798.png,"(489, 1624, 94, 1330)","(847, 1285, 1165, 1488)","(489, 1624, 94, 1488)","(838, 1257, 1321, 2047)"
image1666575109683.png,"(355, 1511, 169, 1374)","(731, 1154, 1195, 1545)","(355, 1511, 169, 1545)","(758, 1184, 1384, 2047)"
image1666575127804.png,"(469, 1693, 124, 1305)","(838, 1257, 1129, 1476)","(469, 1693, 124, 1476)","(825, 1232, 1300, 2047)"
image1666575168203.png,"(334, 1571, 164, 1579)","(805, 1299, 1393, 1755)","(334, 1571, 164, 1755)","(823, 1294, 1548, 2047)"
image1666575184545.png,"(419, 1654, 71, 1477)","(748, 1252, 1304, 1666)","(419, 1654, 71, 1666)","(752, 1221, 1458, 2047)"
image1666575371827.png,"(440, 1535, 149, 1366)","(812, 1242, 1168, 1502)","(440, 1535, 149, 1502)","(824, 1221, 1311, 2047)"
image1666575389787.png,"(502, 1572, 133, 1350)","(771, 1201, 1158, 1492)","(502, 1572, 133, 1492)","(780, 1188, 1301, 2047)"
image1666575511336.png,"(388, 1522, 138, 1381)","(758, 1195, 1205, 1553)","(388, 1522, 138, 1553)","(781, 1196, 1384, 2047)"
image1666575527139.png,"(519, 1614, 164, 1419)","(847, 1285, 1239, 1583)","(519, 1614, 164, 1583)","(831, 1259, 1413, 2047)"
image1666575941104.png,"(263, 1581, 102, 1496)","(784, 1289, 1259, 1670)","(263, 1581, 102, 1670)","(811, 1300, 1480, 2047)"
image1666575957671.png,"(473, 1770, 72, 1454)","(787, 1286, 1228, 1642)","(473, 1770, 72, 1642)","(782, 1270, 1442, 2047)"
image1666576283901.png,"(263, 1555, 137, 1565)","(763, 1261, 1354, 1740)","(263, 1555, 137, 1740)","(786, 1256, 1538, 2047)"
image1666576298467.png,"(500, 1771, 113, 1557)","(764, 1253, 1323, 1712)","(500, 1771, 113, 1712)","(759, 1224, 1513, 2047)"
image1666659456059.png,"(408, 1615, 157, 1431)","(833, 1279, 1236, 1618)","(408, 1615, 157, 1618)","(805, 1278, 1406, 2047)"
image1666659483137.png,"(369, 1659, 274, 1551)","(742, 1183, 1352, 1721)","(369, 1659, 274, 1721)","(719, 1170, 1529, 2047)"
image1666659863512.png,"(379, 1609, 191, 1301)","(808, 1238, 1134, 1454)","(379, 1609, 191, 1454)","(835, 1246, 1270, 2047)"
image1666659890125.png,"(464, 1680, 140, 1256)","(796, 1217, 1079, 1399)","(464, 1680, 140, 1399)","(792, 1205, 1219, 2047)"
image1666660072297.png,"(289, 1613, 183, 1491)","(785, 1247, 1275, 1648)","(289, 1613, 183, 1648)","(744, 1242, 1429, 2047)"
image1666660095899.png,"(409, 1654, 163, 1458)","(720, 1187, 1228, 1597)","(409, 1654, 163, 1597)","(700, 1180, 1396, 2047)"
image1666660164224.png,"(505, 1484, 153, 1360)","(828, 1250, 1178, 1515)","(505, 1484, 153, 1515)","(842, 1264, 1348, 2047)"
image1666660194187.png,"(578, 1603, 233, 1427)","(817, 1245, 1255, 1592)","(578, 1603, 233, 1592)","(778, 1209, 1422, 2047)"
image1666660285388.png,"(302, 1490, 302, 1563)","(714, 1186, 1375, 1727)","(302, 1490, 302, 1727)","(738, 1192, 1544, 2047)"
image1666660313532.png,"(475, 1647, 157, 1375)","(856, 1318, 1203, 1565)","(475, 1647, 157, 1565)","(836, 1294, 1379, 2047)"
image1666660367473.png,"(350, 1521, 109, 1389)","(794, 1242, 1184, 1530)","(350, 1521, 109, 1530)","(820, 1250, 1358, 2047)"
image1666660395613.png,"(466, 1741, 132, 1370)","(858, 1297, 1186, 1533)","(466, 1741, 132, 1533)","(817, 1270, 1368, 2047)"
image1666660576503.png,"(299, 1596, 196, 1477)","(765, 1226, 1276, 1625)","(299, 1596, 196, 1625)","(787, 1216, 1453, 2047)"
image1666660600774.png,"(441, 1764, 187, 1469)","(840, 1291, 1272, 1624)","(441, 1764, 187, 1624)","(847, 1272, 1444, 2047)"
image1666660676239.png,"(362, 1475, 272, 1503)","(739, 1176, 1304, 1636)","(362, 1475, 272, 1636)","(733, 1163, 1434, 2047)"
image1666660696609.png,"(540, 1692, 325, 1549)","(798, 1230, 1351, 1685)","(540, 1692, 325, 1685)","(786, 1222, 1500, 2047)"
image1666660769825.png,"(199, 1613, 115, 1551)","(751, 1261, 1328, 1717)","(199, 1613, 115, 1717)","(761, 1245, 1516, 2047)"
image1666660793272.png,"(414, 1798, 137, 1575)","(744, 1267, 1344, 1734)","(414, 1798, 137, 1734)","(720, 1233, 1544, 2047)"
image1666660861462.png,"(385, 1479, 292, 1457)","(788, 1216, 1271, 1596)","(385, 1479, 292, 1596)","(810, 1238, 1436, 2047)"
image1666660904025.png,"(510, 1660, 324, 1481)","(815, 1234, 1303, 1628)","(510, 1660, 324, 1628)","(794, 1217, 1458, 2047)"
image1666660956943.png,"(352, 1566, 221, 1559)","(805, 1280, 1359, 1743)","(352, 1566, 221, 1743)","(817, 1283, 1536, 2047)"
image1666660974693.png,"(469, 1769, 133, 1463)","(771, 1250, 1269, 1641)","(469, 1769, 133, 1641)","(759, 1227, 1445, 2047)"
image1666661144095.png,"(391, 1609, 300, 1481)","(805, 1224, 1310, 1639)","(391, 1609, 300, 1639)","(753, 1196, 1437, 2047)"
image1666661159380.png,"(409, 1611, 231, 1395)","(806, 1222, 1229, 1561)","(409, 1611, 231, 1561)","(824, 1233, 1368, 2047)"
image1666661223215.png,"(224, 1569, 139, 1485)","(787, 1291, 1274, 1628)","(224, 1569, 139, 1628)","(822, 1294, 1423, 2047)"
image1666661253829.png,"(432, 1770, 204, 1552)","(758, 1255, 1348, 1695)","(432, 1770, 204, 1695)","(748, 1222, 1496, 2047)"
image1666661332742.png,"(384, 1441, 243, 1443)","(790, 1257, 1253, 1608)","(384, 1441, 243, 1608)","(824, 1260, 1424, 2047)"
image1666661359745.png,"(576, 1577, 228, 1415)","(776, 1235, 1232, 1589)","(576, 1577, 228, 1589)","(778, 1209, 1394, 2047)"
image1666661533604.png,"(268, 1534, 96, 1321)","(760, 1234, 1124, 1507)","(268, 1534, 96, 1507)","(806, 1281, 1330, 2047)"
image1666661553536.png,"(411, 1715, 141, 1350)","(781, 1269, 1167, 1550)","(411, 1715, 141, 1550)","(715, 1214, 1378, 2047)"
image1666661731303.png,"(349, 1636, 197, 1518)","(724, 1197, 1327, 1679)","(349, 1636, 197, 1679)","(743, 1206, 1512, 2047)"
image1666661748442.png,"(360, 1773, 154, 1482)","(797, 1280, 1283, 1633)","(360, 1773, 154, 1633)","(804, 1256, 1455, 2047)"
image1666661955150.png,"(398, 1581, 320, 1473)","(770, 1206, 1296, 1627)","(398, 1581, 320, 1627)","(793, 1223, 1452, 2047)"
image1666661971614.png,"(506, 1562, 124, 1255)","(799, 1238, 1089, 1423)","(506, 1562, 124, 1423)","(778, 1197, 1241, 2047)"
image1666662049185.png,"(318, 1550, 414, 1554)","(734, 1172, 1376, 1695)","(318, 1550, 414, 1695)","(769, 1190, 1512, 2047)"
image1666662075807.png,"(391, 1664, 374, 1503)","(803, 1225, 1316, 1645)","(391, 1664, 374, 1645)","(789, 1202, 1457, 2047)"
image1666662252590.png,"(334, 1493, 142, 1326)","(765, 1171, 1136, 1457)","(334, 1493, 142, 1457)","(732, 1169, 1267, 2047)"
image1666662267153.png,"(429, 1621, 302, 1482)","(783, 1197, 1312, 1630)","(429, 1621, 302, 1630)","(769, 1177, 1451, 2047)"
image1666662417385.png,"(441, 1481, 195, 1393)","(757, 1206, 1194, 1544)","(441, 1481, 195, 1544)","(755, 1176, 1345, 2047)"
image1666662435973.png,"(530, 1561, 139, 1347)","(786, 1227, 1146, 1499)","(530, 1561, 139, 1499)","(805, 1229, 1305, 2047)"
image1666662593757.png,"(405, 1573, 374, 1525)","(829, 1241, 1310, 1650)","(405, 1573, 374, 1650)","(848, 1241, 1462, 2047)"
image1666662609806.png,"(437, 1563, 398, 1520)","(816, 1233, 1329, 1663)","(437, 1563, 398, 1663)","(822, 1225, 1475, 2047)"
image1666662711461.png,"(378, 1685, 140, 1326)","(715, 1170, 1138, 1491)","(378, 1685, 140, 1491)","(728, 1188, 1306, 2047)"
image1666662727834.png,"(382, 1703, 128, 1347)","(830, 1291, 1154, 1499)","(382, 1703, 128, 1499)","(817, 1265, 1320, 2047)"
image1666745768953.png,"(353, 1604, 201, 1609)","(711, 1217, 1410, 1783)","(353, 1604, 201, 1783)","(741, 1224, 1586, 2047)"
image1666745795722.png,"(394, 1760, 145, 1575)","(747, 1250, 1330, 1714)","(394, 1760, 145, 1714)","(743, 1219, 1521, 2047)"
image1666746116612.png,"(432, 1528, 96, 1355)","(781, 1239, 1174, 1540)","(432, 1528, 96, 1540)","(754, 1246, 1347, 2047)"
image1666746142990.png,"(408, 1687, 262, 1537)","(816, 1271, 1352, 1723)","(408, 1687, 262, 1723)","(810, 1250, 1563, 2047)"
image1666746206399.png,"(298, 1529, 100, 1411)","(756, 1275, 1179, 1579)","(298, 1529, 100, 1579)","(782, 1290, 1364, 2047)"
image1666746224080.png,"(450, 1668, 87, 1366)","(760, 1280, 1157, 1549)","(450, 1668, 87, 1549)","(729, 1236, 1355, 2047)"
image1666746347755.png,"(385, 1543, 97, 1314)","(763, 1198, 1131, 1487)","(385, 1543, 97, 1487)","(752, 1174, 1307, 2047)"
image1666746376659.png,"(418, 1699, 207, 1432)","(789, 1228, 1225, 1586)","(418, 1699, 207, 1586)","(815, 1223, 1412, 2047)"
image1666746427808.png,"(349, 1522, 203, 1541)","(707, 1177, 1324, 1681)","(349, 1522, 203, 1681)","(727, 1202, 1499, 2047)"
image1666746454260.png,"(402, 1678, 195, 1527)","(861, 1325, 1312, 1669)","(402, 1678, 195, 1669)","(821, 1298, 1494, 2047)"
image1666746533895.png,"(231, 1610, 291, 1617)","(774, 1240, 1366, 1763)","(231, 1610, 291, 1763)","(781, 1237, 1556, 2047)"
image1666746549546.png,"(331, 1775, 215, 1522)","(769, 1260, 1302, 1689)","(331, 1775, 215, 1689)","(744, 1224, 1489, 2047)"
image1666746706880.png,"(296, 1523, 119, 1450)","(809, 1251, 1231, 1578)","(296, 1523, 119, 1578)","(735, 1233, 1372, 2047)"
image1666746731482.png,"(373, 1782, 75, 1386)","(795, 1240, 1160, 1517)","(373, 1782, 75, 1517)","(785, 1245, 1328, 2047)"
image1666746789169.png,"(314, 1536, 127, 1428)","(710, 1213, 1233, 1607)","(314, 1536, 127, 1607)","(729, 1212, 1415, 2047)"
image1666746807797.png,"(514, 1665, 242, 1564)","(767, 1281, 1346, 1726)","(514, 1665, 242, 1726)","(729, 1233, 1543, 2047)"
image1666746881112.png,"(403, 1603, 364, 1568)","(818, 1221, 1394, 1707)","(403, 1603, 364, 1707)","(823, 1227, 1531, 2047)"
image1666746900634.png,"(518, 1586, 391, 1588)","(823, 1224, 1419, 1732)","(518, 1586, 391, 1732)","(805, 1209, 1571, 2047)"
image1666746978974.png,"(229, 1672, 275, 1578)","(710, 1169, 1405, 1768)","(229, 1672, 275, 1768)","(717, 1150, 1582, 2047)"
image1666747005566.png,"(368, 1846, 69, 1389)","(848, 1305, 1204, 1561)","(368, 1846, 69, 1561)","(845, 1288, 1386, 2047)"
image1666747651439.png,"(445, 1525, 355, 1534)","(791, 1233, 1351, 1691)","(445, 1525, 355, 1691)","(814, 1245, 1512, 2047)"
image1666747678551.png,"(519, 1576, 315, 1485)","(780, 1210, 1298, 1640)","(519, 1576, 315, 1640)","(770, 1238, 1445, 2047)"
image1666747732146.png,"(370, 1509, 314, 1566)","(787, 1224, 1387, 1717)","(370, 1509, 314, 1717)","(791, 1191, 1528, 2047)"
image1666747749143.png,"(591, 1617, 322, 1572)","(771, 1215, 1380, 1726)","(591, 1617, 322, 1726)","(782, 1199, 1545, 2047)"
image1666747825024.png,"(278, 1619, 118, 1433)","(760, 1247, 1247, 1635)","(278, 1619, 118, 1635)","(722, 1233, 1423, 2047)"
image1666747851606.png,"(417, 1629, 171, 1471)","(777, 1260, 1287, 1671)","(417, 1629, 171, 1671)","(778, 1241, 1469, 2047)"
image1666747903675.png,"(317, 1564, 207, 1534)","(766, 1281, 1314, 1712)","(317, 1564, 207, 1712)","(783, 1291, 1509, 2047)"
image1666747919852.png,"(425, 1649, 230, 1548)","(743, 1260, 1355, 1743)","(425, 1649, 230, 1743)","(738, 1236, 1534, 2047)"
image1666747984726.png,"(305, 1596, 235, 1484)","(792, 1211, 1256, 1605)","(305, 1596, 235, 1605)","(806, 1204, 1421, 2047)"
image1666748000469.png,"(445, 1612, 358, 1605)","(741, 1172, 1385, 1734)","(445, 1612, 358, 1734)","(735, 1145, 1554, 2047)"
image1666748180196.png,"(323, 1560, 277, 1496)","(804, 1247, 1278, 1626)","(323, 1560, 277, 1626)","(840, 1261, 1454, 2047)"
image1666748198922.png,"(410, 1713, 172, 1381)","(797, 1239, 1179, 1532)","(410, 1713, 172, 1532)","(781, 1197, 1364, 2047)"
image1666748254136.png,"(250, 1507, 155, 1470)","(715, 1223, 1272, 1668)","(250, 1507, 155, 1668)","(737, 1216, 1474, 2047)"
image1666748279898.png,"(384, 1779, 157, 1466)","(757, 1270, 1267, 1673)","(384, 1779, 157, 1673)","(757, 1249, 1471, 2047)"
image1666748387105.png,"(255, 1538, 287, 1546)","(775, 1211, 1340, 1679)","(255, 1538, 287, 1679)","(781, 1210, 1502, 2047)"
image1666748402701.png,"(485, 1744, 279, 1527)","(851, 1297, 1315, 1681)","(485, 1744, 279, 1681)","(850, 1279, 1502, 2047)"
image1666748642594.png,"(238, 1584, 175, 1480)","(748, 1217, 1264, 1649)","(238, 1584, 175, 1649)","(755, 1218, 1441, 2047)"
image1666748666825.png,"(454, 1752, 208, 1513)","(757, 1228, 1300, 1683)","(454, 1752, 208, 1683)","(742, 1208, 1485, 2047)"
image1666748921065.png,"(477, 1545, 224, 1437)","(794, 1228, 1257, 1609)","(477, 1545, 224, 1609)","(814, 1233, 1423, 2047)"
image1666748940314.png,"(394, 1635, 159, 1365)","(782, 1222, 1179, 1534)","(394, 1635, 159, 1534)","(781, 1200, 1357, 2047)"
image1666749288019.png,"(371, 1499, 119, 1431)","(758, 1186, 1249, 1585)","(371, 1499, 119, 1585)","(751, 1184, 1395, 2047)"
image1666749315607.png,"(402, 1640, 142, 1459)","(749, 1176, 1260, 1593)","(402, 1640, 142, 1593)","(733, 1154, 1406, 2047)"
image1666749758469.png,"(382, 1586, 290, 1491)","(783, 1220, 1315, 1651)","(382, 1586, 290, 1651)","(817, 1267, 1503, 2047)"
image1666749785296.png,"(352, 1733, 142, 1340)","(812, 1251, 1169, 1507)","(352, 1733, 142, 1507)","(757, 1213, 1353, 2047)"
image1667177664643.png,"(246, 1611, 119, 1395)","(764, 1228, 1174, 1509)","(246, 1611, 119, 1509)","(786, 1238, 1338, 2047)"
image1667177691187.png,"(430, 1830, 58, 1331)","(820, 1292, 1116, 1448)","(430, 1830, 58, 1448)","(797, 1255, 1275, 2047)"
image1667178157166.png,"(344, 1560, 241, 1550)","(781, 1248, 1371, 1731)","(344, 1560, 241, 1731)","(766, 1218, 1517, 2047)"
image1667178183675.png,"(357, 1790, 161, 1470)","(786, 1242, 1280, 1633)","(357, 1790, 161, 1633)","(793, 1241, 1440, 2047)"
image1667178816657.png,"(352, 1530, 261, 1435)","(781, 1213, 1257, 1580)","(352, 1530, 261, 1580)","(811, 1229, 1405, 2047)"
image1667178833635.png,"(504, 1708, 268, 1447)","(811, 1242, 1260, 1582)","(504, 1708, 268, 1582)","(796, 1215, 1406, 2047)"
image1667179034345.png,"(371, 1574, 71, 1379)","(765, 1246, 1171, 1522)","(371, 1574, 71, 1522)","(797, 1274, 1361, 2047)"
image1667179061405.png,"(392, 1747, 143, 1459)","(769, 1247, 1247, 1605)","(392, 1747, 143, 1605)","(769, 1227, 1428, 2047)"
image1667179311111.png,"(324, 1600, 52, 1373)","(747, 1222, 1168, 1536)","(324, 1600, 52, 1536)","(706, 1197, 1320, 2047)"
image1667179338069.png,"(424, 1684, 138, 1464)","(734, 1213, 1261, 1623)","(424, 1684, 138, 1623)","(761, 1211, 1435, 2047)"
image1667180034186.png,"(267, 1620, 196, 1539)","(779, 1266, 1317, 1719)","(267, 1620, 196, 1719)","(801, 1271, 1510, 2047)"
image1667180060467.png,"(371, 1712, 201, 1547)","(694, 1181, 1332, 1734)","(371, 1712, 201, 1734)","(686, 1167, 1521, 2047)"
image1667180274249.png,"(444, 1496, 93, 1321)","(774, 1226, 1149, 1501)","(444, 1496, 93, 1501)","(785, 1224, 1315, 2047)"
image1667180301380.png,"(482, 1566, 225, 1444)","(833, 1283, 1252, 1626)","(482, 1566, 225, 1626)","(837, 1262, 1439, 2047)"
image1667264252052.png,"(363, 1475, 153, 1366)","(756, 1186, 1190, 1524)","(363, 1475, 153, 1524)","(778, 1190, 1346, 2047)"
image1667264279084.png,"(447, 1595, 192, 1377)","(825, 1255, 1215, 1553)","(447, 1595, 192, 1553)","(812, 1223, 1383, 2047)"
image1667264727682.png,"(298, 1552, 115, 1409)","(747, 1244, 1180, 1583)","(298, 1552, 115, 1583)","(779, 1257, 1379, 2047)"
image1667264755422.png,"(532, 1748, 97, 1403)","(778, 1278, 1182, 1567)","(532, 1748, 97, 1567)","(727, 1217, 1389, 2047)"
image1667265082425.png,"(327, 1494, 189, 1501)","(774, 1242, 1293, 1678)","(327, 1494, 189, 1678)","(761, 1231, 1468, 2047)"
image1667265108478.png,"(469, 1686, 168, 1458)","(785, 1264, 1275, 1651)","(469, 1686, 168, 1651)","(757, 1230, 1475, 2047)"
image1667265171128.png,"(372, 1671, 95, 1369)","(705, 1180, 1169, 1543)","(372, 1671, 95, 1543)","(733, 1190, 1369, 2047)"
image1667265191721.png,"(359, 1583, 155, 1441)","(761, 1252, 1254, 1615)","(359, 1583, 155, 1615)","(738, 1189, 1442, 2047)"
image1667265487233.png,"(388, 1525, 193, 1453)","(785, 1248, 1259, 1612)","(388, 1525, 193, 1612)","(773, 1251, 1406, 2047)"
image1667265502123.png,"(552, 1738, 229, 1510)","(794, 1265, 1284, 1639)","(552, 1738, 229, 1639)","(764, 1216, 1460, 2047)"
image1667265806254.png,"(249, 1536, 125, 1424)","(727, 1201, 1221, 1602)","(249, 1536, 125, 1602)","(745, 1231, 1408, 2047)"
image1667265831997.png,"(561, 1810, 190, 1516)","(812, 1285, 1288, 1668)","(561, 1810, 190, 1668)","(787, 1260, 1476, 2047)"
image1667265875051.png,"(238, 1541, 274, 1499)","(797, 1229, 1274, 1624)","(238, 1541, 274, 1624)","(806, 1227, 1446, 2047)"
image1667265888689.png,"(524, 1841, 314, 1534)","(812, 1235, 1308, 1653)","(524, 1841, 314, 1653)","(790, 1226, 1485, 2047)"
image1667266190612.png,"(443, 1464, 347, 1533)","(718, 1142, 1360, 1673)","(443, 1464, 347, 1673)","(747, 1158, 1504, 2047)"
image1667266231591.png,"(472, 1502, 455, 1626)","(797, 1227, 1459, 1778)","(472, 1502, 455, 1778)","(791, 1193, 1596, 2047)"
image1667266353659.png,"(322, 1564, 211, 1431)","(734, 1166, 1257, 1588)","(322, 1564, 211, 1588)","(740, 1139, 1399, 2047)"
image1667266371361.png,"(447, 1670, 284, 1493)","(839, 1270, 1324, 1662)","(447, 1670, 284, 1662)","(855, 1258, 1462, 2047)"
image1667266436973.png,"(347, 1528, 183, 1402)","(774, 1209, 1216, 1555)","(347, 1528, 183, 1555)","(754, 1185, 1369, 2047)"
image1667266465348.png,"(422, 1633, 265, 1489)","(761, 1191, 1295, 1631)","(422, 1633, 265, 1631)","(784, 1179, 1452, 2047)"
image1667266517297.png,"(396, 1599, 209, 1348)","(806, 1224, 1169, 1510)","(396, 1599, 209, 1510)","(822, 1224, 1326, 2047)"
image1667266545149.png,"(427, 1710, 272, 1420)","(813, 1232, 1219, 1561)","(427, 1710, 272, 1561)","(796, 1203, 1388, 2047)"
image1667266674012.png,"(373, 1487, 177, 1366)","(689, 1120, 1197, 1537)","(373, 1487, 177, 1537)","(706, 1132, 1360, 2047)"
image1667266700981.png,"(478, 1599, 236, 1429)","(830, 1264, 1255, 1600)","(478, 1599, 236, 1600)","(824, 1238, 1409, 2047)"
image1667351359031.png,"(400, 1402, 183, 1338)","(791, 1193, 1124, 1457)","(400, 1402, 183, 1457)","(794, 1190, 1282, 2047)"
image1667351387313.png,"(558, 1577, 279, 1408)","(803, 1230, 1222, 1547)","(558, 1577, 279, 1547)","(787, 1206, 1371, 2047)"
image1667351862024.png,"(558, 1504, 286, 1486)","(789, 1195, 1314, 1635)","(558, 1504, 286, 1635)","(717, 1171, 1434, 2047)"
image1667351888144.png,"(515, 1547, 380, 1569)","(843, 1259, 1389, 1711)","(515, 1547, 380, 1711)","(853, 1243, 1521, 2047)"
image1667353912602.png,"(218, 1586, 222, 1512)","(759, 1256, 1281, 1657)","(218, 1586, 222, 1657)","(788, 1261, 1462, 2047)"
image1667353928376.png,"(335, 1689, 249, 1511)","(774, 1280, 1324, 1695)","(335, 1689, 249, 1695)","(742, 1230, 1514, 2047)"
image1667354140846.png,"(510, 1472, 194, 1360)","(809, 1254, 1193, 1527)","(510, 1472, 194, 1527)","(837, 1246, 1335, 2047)"
image1667354167046.png,"(436, 1501, 235, 1393)","(771, 1203, 1222, 1570)","(436, 1501, 235, 1570)","(772, 1188, 1372, 2047)"
